review,sentiment,source
staff service is not good,negative,negation_aug
room service is not good,negative,negation_aug
hotel service is not good,negative,negation_aug
the staff is not good,negative,negation_aug
the room is not good,negative,negation_aug
wifi is not good,negative,negation_aug
service is not great,negative,negation_aug
staff service is not great,negative,negation_aug
customer service is not great,negative,negation_aug
the staff is not great,negative,negation_aug
wifi is not great,negative,negation_aug
the wifi is not great,negative,negation_aug
staff service is not nice,negative,negation_aug
room service is not nice,negative,negation_aug
hotel service is not nice,negative,negation_aug
the service is not clean,negative,negation_aug
staff is not clean,negative,negation_aug
the staff is not clean,negative,negation_aug
room is not clean,negative,negation_aug
the room is not clean,negative,negation_aug
wifi is not clean,negative,negation_aug
the wifi is not clean,negative,negation_aug
hotel service is not helpful,negative,negation_aug
customer service is not helpful,negative,negation_aug
room is not helpful,negative,negation_aug
wifi is not helpful,negative,negation_aug
staff is not friendly,negative,negation_aug
the staff is not friendly,negative,negation_aug
room is not friendly,negative,negation_aug
the room is not friendly,negative,negation_aug
wifi is not friendly,negative,negation_aug
staff service is not comfortable,negative,negation_aug
staff is not comfortable,negative,negation_aug
the staff is not comfortable,negative,negation_aug
the room is not comfortable,negative,negation_aug
staff service is not excellent,negative,negation_aug
customer service is not excellent,negative,negation_aug
the service is not excellent,negative,negation_aug
staff is not excellent,negative,negation_aug
wifi is not excellent,negative,negation_aug
customer service is not amazing,negative,negation_aug
room is not amazing,negative,negation_aug
wifi is not amazing,negative,negation_aug
hotel service is not perfect,negative,negation_aug
the service is not perfect,negative,negation_aug
room is not perfect,negative,negation_aug
the wifi is not perfect,negative,negation_aug
customer service is not worth it,negative,negation_aug
the service is not worth it,negative,negation_aug
staff is not worth it,negative,negation_aug
wifi is not worth it,negative,negation_aug
the wifi is not worth it,negative,negation_aug
room service is not satisfactory,negative,negation_aug
customer service is not satisfactory,negative,negation_aug
the staff is not satisfactory,negative,negation_aug
wifi is not satisfactory,negative,negation_aug
staff service is not pleasant,negative,negation_aug
customer service is not pleasant,negative,negation_aug
the service is not pleasant,negative,negation_aug
wifi is not pleasant,negative,negation_aug
the wifi is not pleasant,negative,negation_aug
service is not fine,negative,negation_aug
room service is not fine,negative,negation_aug
hotel service is not fine,negative,negation_aug
customer service is not fine,negative,negation_aug
staff is not fine,negative,negation_aug
the room is not fine,negative,negation_aug
wifi is not fine,negative,negation_aug
service is not okay,negative,negation_aug
staff service is not okay,negative,negation_aug
the staff is not okay,negative,negation_aug
room is not okay,negative,negation_aug
service is not too good,negative,negation_aug
staff service is not too good,negative,negation_aug
room service is not too good,negative,negation_aug
hotel service is not too good,negative,negation_aug
customer service is not too good,negative,negation_aug
the service is not too good,negative,negation_aug
staff is not too good,negative,negation_aug
the staff is not too good,negative,negation_aug
room is not too good,negative,negation_aug
the room is not too good,negative,negation_aug
wifi is not too good,negative,negation_aug
the wifi is not too good,negative,negation_aug
service is not too great,negative,negation_aug
staff service is not too great,negative,negation_aug
room service is not too great,negative,negation_aug
hotel service is not too great,negative,negation_aug
customer service is not too great,negative,negation_aug
the service is not too great,negative,negation_aug
staff is not too great,negative,negation_aug
the staff is not too great,negative,negation_aug
room is not too great,negative,negation_aug
the room is not too great,negative,negation_aug
wifi is not too great,negative,negation_aug
the wifi is not too great,negative,negation_aug
service is not too nice,negative,negation_aug
staff service is not too nice,negative,negation_aug
room service is not too nice,negative,negation_aug
hotel service is not too nice,negative,negation_aug
customer service is not too nice,negative,negation_aug
the service is not too nice,negative,negation_aug
staff is not too nice,negative,negation_aug
the staff is not too nice,negative,negation_aug
room is not too nice,negative,negation_aug
the room is not too nice,negative,negation_aug
wifi is not too nice,negative,negation_aug
the wifi is not too nice,negative,negation_aug
service is not too clean,negative,negation_aug
staff service is not too clean,negative,negation_aug
room service is not too clean,negative,negation_aug
hotel service is not too clean,negative,negation_aug
customer service is not too clean,negative,negation_aug
the service is not too clean,negative,negation_aug
staff is not too clean,negative,negation_aug
the staff is not too clean,negative,negation_aug
room is not too clean,negative,negation_aug
the room is not too clean,negative,negation_aug
wifi is not too clean,negative,negation_aug
the wifi is not too clean,negative,negation_aug
service is not too helpful,negative,negation_aug
staff service is not too helpful,negative,negation_aug
room service is not too helpful,negative,negation_aug
hotel service is not too helpful,negative,negation_aug
customer service is not too helpful,negative,negation_aug
the service is not too helpful,negative,negation_aug
staff is not too helpful,negative,negation_aug
the staff is not too helpful,negative,negation_aug
room is not too helpful,negative,negation_aug
the room is not too helpful,negative,negation_aug
wifi is not too helpful,negative,negation_aug
the wifi is not too helpful,negative,negation_aug
service is not too friendly,negative,negation_aug
staff service is not too friendly,negative,negation_aug
room service is not too friendly,negative,negation_aug
hotel service is not too friendly,negative,negation_aug
customer service is not too friendly,negative,negation_aug
the service is not too friendly,negative,negation_aug
staff is not too friendly,negative,negation_aug
the staff is not too friendly,negative,negation_aug
room is not too friendly,negative,negation_aug
the room is not too friendly,negative,negation_aug
wifi is not too friendly,negative,negation_aug
the wifi is not too friendly,negative,negation_aug
service is not too comfortable,negative,negation_aug
staff service is not too comfortable,negative,negation_aug
room service is not too comfortable,negative,negation_aug
hotel service is not too comfortable,negative,negation_aug
customer service is not too comfortable,negative,negation_aug
the service is not too comfortable,negative,negation_aug
staff is not too comfortable,negative,negation_aug
the staff is not too comfortable,negative,negation_aug
room is not too comfortable,negative,negation_aug
the room is not too comfortable,negative,negation_aug
wifi is not too comfortable,negative,negation_aug
the wifi is not too comfortable,negative,negation_aug
service is not too excellent,negative,negation_aug
staff service is not too excellent,negative,negation_aug
room service is not too excellent,negative,negation_aug
hotel service is not too excellent,negative,negation_aug
customer service is not too excellent,negative,negation_aug
the service is not too excellent,negative,negation_aug
staff is not too excellent,negative,negation_aug
the staff is not too excellent,negative,negation_aug
room is not too excellent,negative,negation_aug
the room is not too excellent,negative,negation_aug
wifi is not too excellent,negative,negation_aug
the wifi is not too excellent,negative,negation_aug
service is not too amazing,negative,negation_aug
staff service is not too amazing,negative,negation_aug
room service is not too amazing,negative,negation_aug
hotel service is not too amazing,negative,negation_aug
customer service is not too amazing,negative,negation_aug
the service is not too amazing,negative,negation_aug
staff is not too amazing,negative,negation_aug
the staff is not too amazing,negative,negation_aug
room is not too amazing,negative,negation_aug
the room is not too amazing,negative,negation_aug
wifi is not too amazing,negative,negation_aug
the wifi is not too amazing,negative,negation_aug
service is not too perfect,negative,negation_aug
staff service is not too perfect,negative,negation_aug
room service is not too perfect,negative,negation_aug
hotel service is not too perfect,negative,negation_aug
customer service is not too perfect,negative,negation_aug
the service is not too perfect,negative,negation_aug
staff is not too perfect,negative,negation_aug
the staff is not too perfect,negative,negation_aug
room is not too perfect,negative,negation_aug
the room is not too perfect,negative,negation_aug
wifi is not too perfect,negative,negation_aug
the wifi is not too perfect,negative,negation_aug
service is not too worth it,negative,negation_aug
staff service is not too worth it,negative,negation_aug
room service is not too worth it,negative,negation_aug
hotel service is not too worth it,negative,negation_aug
customer service is not too worth it,negative,negation_aug
the service is not too worth it,negative,negation_aug
staff is not too worth it,negative,negation_aug
the staff is not too worth it,negative,negation_aug
room is not too worth it,negative,negation_aug
the room is not too worth it,negative,negation_aug
wifi is not too worth it,negative,negation_aug
the wifi is not too worth it,negative,negation_aug
service is not too satisfactory,negative,negation_aug
staff service is not too satisfactory,negative,negation_aug
room service is not too satisfactory,negative,negation_aug
hotel service is not too satisfactory,negative,negation_aug
customer service is not too satisfactory,negative,negation_aug
the service is not too satisfactory,negative,negation_aug
staff is not too satisfactory,negative,negation_aug
the staff is not too satisfactory,negative,negation_aug
room is not too satisfactory,negative,negation_aug
the room is not too satisfactory,negative,negation_aug
wifi is not too satisfactory,negative,negation_aug
the wifi is not too satisfactory,negative,negation_aug
service is not too pleasant,negative,negation_aug
staff service is not too pleasant,negative,negation_aug
room service is not too pleasant,negative,negation_aug
hotel service is not too pleasant,negative,negation_aug
customer service is not too pleasant,negative,negation_aug
the service is not too pleasant,negative,negation_aug
staff is not too pleasant,negative,negation_aug
the staff is not too pleasant,negative,negation_aug
room is not too pleasant,negative,negation_aug
the room is not too pleasant,negative,negation_aug
wifi is not too pleasant,negative,negation_aug
the wifi is not too pleasant,negative,negation_aug
service is not too fine,negative,negation_aug
staff service is not too fine,negative,negation_aug
room service is not too fine,negative,negation_aug
hotel service is not too fine,negative,negation_aug
customer service is not too fine,negative,negation_aug
the service is not too fine,negative,negation_aug
staff is not too fine,negative,negation_aug
the staff is not too fine,negative,negation_aug
room is not too fine,negative,negation_aug
the room is not too fine,negative,negation_aug
wifi is not too fine,negative,negation_aug
the wifi is not too fine,negative,negation_aug
service is not too okay,negative,negation_aug
staff service is not too okay,negative,negation_aug
room service is not too okay,negative,negation_aug
hotel service is not too okay,negative,negation_aug
customer service is not too okay,negative,negation_aug
the service is not too okay,negative,negation_aug
staff is not too okay,negative,negation_aug
the staff is not too okay,negative,negation_aug
room is not too okay,negative,negation_aug
the room is not too okay,negative,negation_aug
wifi is not too okay,negative,negation_aug
the wifi is not too okay,negative,negation_aug
service is not so good,negative,negation_aug
staff service is not so good,negative,negation_aug
room service is not so good,negative,negation_aug
hotel service is not so good,negative,negation_aug
customer service is not so good,negative,negation_aug
the service is not so good,negative,negation_aug
staff is not so good,negative,negation_aug
the staff is not so good,negative,negation_aug
room is not so good,negative,negation_aug
the room is not so good,negative,negation_aug
wifi is not so good,negative,negation_aug
the wifi is not so good,negative,negation_aug
service is not so great,negative,negation_aug
staff service is not so great,negative,negation_aug
room service is not so great,negative,negation_aug
hotel service is not so great,negative,negation_aug
customer service is not so great,negative,negation_aug
the service is not so great,negative,negation_aug
staff is not so great,negative,negation_aug
the staff is not so great,negative,negation_aug
room is not so great,negative,negation_aug
the room is not so great,negative,negation_aug
wifi is not so great,negative,negation_aug
the wifi is not so great,negative,negation_aug
service is not so nice,negative,negation_aug
staff service is not so nice,negative,negation_aug
room service is not so nice,negative,negation_aug
hotel service is not so nice,negative,negation_aug
customer service is not so nice,negative,negation_aug
the service is not so nice,negative,negation_aug
staff is not so nice,negative,negation_aug
the staff is not so nice,negative,negation_aug
room is not so nice,negative,negation_aug
the room is not so nice,negative,negation_aug
wifi is not so nice,negative,negation_aug
the wifi is not so nice,negative,negation_aug
service is not so clean,negative,negation_aug
staff service is not so clean,negative,negation_aug
room service is not so clean,negative,negation_aug
hotel service is not so clean,negative,negation_aug
customer service is not so clean,negative,negation_aug
the service is not so clean,negative,negation_aug
staff is not so clean,negative,negation_aug
the staff is not so clean,negative,negation_aug
room is not so clean,negative,negation_aug
the room is not so clean,negative,negation_aug
wifi is not so clean,negative,negation_aug
the wifi is not so clean,negative,negation_aug
service is not so helpful,negative,negation_aug
staff service is not so helpful,negative,negation_aug
room service is not so helpful,negative,negation_aug
hotel service is not so helpful,negative,negation_aug
customer service is not so helpful,negative,negation_aug
the service is not so helpful,negative,negation_aug
staff is not so helpful,negative,negation_aug
the staff is not so helpful,negative,negation_aug
room is not so helpful,negative,negation_aug
the room is not so helpful,negative,negation_aug
wifi is not so helpful,negative,negation_aug
the wifi is not so helpful,negative,negation_aug
service is not so friendly,negative,negation_aug
staff service is not so friendly,negative,negation_aug
room service is not so friendly,negative,negation_aug
hotel service is not so friendly,negative,negation_aug
customer service is not so friendly,negative,negation_aug
the service is not so friendly,negative,negation_aug
staff is not so friendly,negative,negation_aug
the staff is not so friendly,negative,negation_aug
room is not so friendly,negative,negation_aug
the room is not so friendly,negative,negation_aug
wifi is not so friendly,negative,negation_aug
the wifi is not so friendly,negative,negation_aug
service is not so comfortable,negative,negation_aug
staff service is not so comfortable,negative,negation_aug
room service is not so comfortable,negative,negation_aug
hotel service is not so comfortable,negative,negation_aug
customer service is not so comfortable,negative,negation_aug
the service is not so comfortable,negative,negation_aug
staff is not so comfortable,negative,negation_aug
the staff is not so comfortable,negative,negation_aug
room is not so comfortable,negative,negation_aug
the room is not so comfortable,negative,negation_aug
wifi is not so comfortable,negative,negation_aug
the wifi is not so comfortable,negative,negation_aug
service is not so excellent,negative,negation_aug
staff service is not so excellent,negative,negation_aug
room service is not so excellent,negative,negation_aug
hotel service is not so excellent,negative,negation_aug
customer service is not so excellent,negative,negation_aug
the service is not so excellent,negative,negation_aug
staff is not so excellent,negative,negation_aug
the staff is not so excellent,negative,negation_aug
room is not so excellent,negative,negation_aug
the room is not so excellent,negative,negation_aug
wifi is not so excellent,negative,negation_aug
the wifi is not so excellent,negative,negation_aug
service is not so amazing,negative,negation_aug
staff service is not so amazing,negative,negation_aug
room service is not so amazing,negative,negation_aug
hotel service is not so amazing,negative,negation_aug
customer service is not so amazing,negative,negation_aug
the service is not so amazing,negative,negation_aug
staff is not so amazing,negative,negation_aug
the staff is not so amazing,negative,negation_aug
room is not so amazing,negative,negation_aug
the room is not so amazing,negative,negation_aug
wifi is not so amazing,negative,negation_aug
the wifi is not so amazing,negative,negation_aug
service is not so perfect,negative,negation_aug
staff service is not so perfect,negative,negation_aug
room service is not so perfect,negative,negation_aug
hotel service is not so perfect,negative,negation_aug
customer service is not so perfect,negative,negation_aug
the service is not so perfect,negative,negation_aug
staff is not so perfect,negative,negation_aug
the staff is not so perfect,negative,negation_aug
room is not so perfect,negative,negation_aug
the room is not so perfect,negative,negation_aug
wifi is not so perfect,negative,negation_aug
the wifi is not so perfect,negative,negation_aug
service is not so worth it,negative,negation_aug
staff service is not so worth it,negative,negation_aug
room service is not so worth it,negative,negation_aug
hotel service is not so worth it,negative,negation_aug
customer service is not so worth it,negative,negation_aug
the service is not so worth it,negative,negation_aug
staff is not so worth it,negative,negation_aug
the staff is not so worth it,negative,negation_aug
room is not so worth it,negative,negation_aug
the room is not so worth it,negative,negation_aug
wifi is not so worth it,negative,negation_aug
the wifi is not so worth it,negative,negation_aug
service is not so satisfactory,negative,negation_aug
staff service is not so satisfactory,negative,negation_aug
room service is not so satisfactory,negative,negation_aug
hotel service is not so satisfactory,negative,negation_aug
customer service is not so satisfactory,negative,negation_aug
the service is not so satisfactory,negative,negation_aug
staff is not so satisfactory,negative,negation_aug
the staff is not so satisfactory,negative,negation_aug
room is not so satisfactory,negative,negation_aug
the room is not so satisfactory,negative,negation_aug
wifi is not so satisfactory,negative,negation_aug
the wifi is not so satisfactory,negative,negation_aug
service is not so pleasant,negative,negation_aug
staff service is not so pleasant,negative,negation_aug
room service is not so pleasant,negative,negation_aug
hotel service is not so pleasant,negative,negation_aug
customer service is not so pleasant,negative,negation_aug
the service is not so pleasant,negative,negation_aug
staff is not so pleasant,negative,negation_aug
the staff is not so pleasant,negative,negation_aug
room is not so pleasant,negative,negation_aug
the room is not so pleasant,negative,negation_aug
wifi is not so pleasant,negative,negation_aug
the wifi is not so pleasant,negative,negation_aug
service is not so fine,negative,negation_aug
staff service is not so fine,negative,negation_aug
room service is not so fine,negative,negation_aug
hotel service is not so fine,negative,negation_aug
customer service is not so fine,negative,negation_aug
the service is not so fine,negative,negation_aug
staff is not so fine,negative,negation_aug
the staff is not so fine,negative,negation_aug
room is not so fine,negative,negation_aug
the room is not so fine,negative,negation_aug
wifi is not so fine,negative,negation_aug
the wifi is not so fine,negative,negation_aug
service is not so okay,negative,negation_aug
staff service is not so okay,negative,negation_aug
room service is not so okay,negative,negation_aug
hotel service is not so okay,negative,negation_aug
customer service is not so okay,negative,negation_aug
the service is not so okay,negative,negation_aug
staff is not so okay,negative,negation_aug
the staff is not so okay,negative,negation_aug
room is not so okay,negative,negation_aug
the room is not so okay,negative,negation_aug
wifi is not so okay,negative,negation_aug
the wifi is not so okay,negative,negation_aug
service is not very good,negative,negation_aug
staff service is not very good,negative,negation_aug
room service is not very good,negative,negation_aug
hotel service is not very good,negative,negation_aug
customer service is not very good,negative,negation_aug
the service is not very good,negative,negation_aug
staff is not very good,negative,negation_aug
the staff is not very good,negative,negation_aug
room is not very good,negative,negation_aug
the room is not very good,negative,negation_aug
wifi is not very good,negative,negation_aug
the wifi is not very good,negative,negation_aug
service is not very great,negative,negation_aug
staff service is not very great,negative,negation_aug
room service is not very great,negative,negation_aug
hotel service is not very great,negative,negation_aug
customer service is not very great,negative,negation_aug
the service is not very great,negative,negation_aug
staff is not very great,negative,negation_aug
the staff is not very great,negative,negation_aug
room is not very great,negative,negation_aug
the room is not very great,negative,negation_aug
wifi is not very great,negative,negation_aug
the wifi is not very great,negative,negation_aug
service is not very nice,negative,negation_aug
staff service is not very nice,negative,negation_aug
room service is not very nice,negative,negation_aug
hotel service is not very nice,negative,negation_aug
customer service is not very nice,negative,negation_aug
the service is not very nice,negative,negation_aug
staff is not very nice,negative,negation_aug
the staff is not very nice,negative,negation_aug
room is not very nice,negative,negation_aug
the room is not very nice,negative,negation_aug
wifi is not very nice,negative,negation_aug
the wifi is not very nice,negative,negation_aug
service is not very clean,negative,negation_aug
staff service is not very clean,negative,negation_aug
room service is not very clean,negative,negation_aug
hotel service is not very clean,negative,negation_aug
customer service is not very clean,negative,negation_aug
the service is not very clean,negative,negation_aug
staff is not very clean,negative,negation_aug
the staff is not very clean,negative,negation_aug
room is not very clean,negative,negation_aug
the room is not very clean,negative,negation_aug
wifi is not very clean,negative,negation_aug
the wifi is not very clean,negative,negation_aug
service is not very helpful,negative,negation_aug
staff service is not very helpful,negative,negation_aug
room service is not very helpful,negative,negation_aug
hotel service is not very helpful,negative,negation_aug
customer service is not very helpful,negative,negation_aug
the service is not very helpful,negative,negation_aug
staff is not very helpful,negative,negation_aug
the staff is not very helpful,negative,negation_aug
room is not very helpful,negative,negation_aug
the room is not very helpful,negative,negation_aug
wifi is not very helpful,negative,negation_aug
the wifi is not very helpful,negative,negation_aug
service is not very friendly,negative,negation_aug
staff service is not very friendly,negative,negation_aug
room service is not very friendly,negative,negation_aug
hotel service is not very friendly,negative,negation_aug
customer service is not very friendly,negative,negation_aug
the service is not very friendly,negative,negation_aug
staff is not very friendly,negative,negation_aug
the staff is not very friendly,negative,negation_aug
room is not very friendly,negative,negation_aug
the room is not very friendly,negative,negation_aug
wifi is not very friendly,negative,negation_aug
the wifi is not very friendly,negative,negation_aug
service is not very comfortable,negative,negation_aug
staff service is not very comfortable,negative,negation_aug
room service is not very comfortable,negative,negation_aug
hotel service is not very comfortable,negative,negation_aug
customer service is not very comfortable,negative,negation_aug
the service is not very comfortable,negative,negation_aug
staff is not very comfortable,negative,negation_aug
the staff is not very comfortable,negative,negation_aug
room is not very comfortable,negative,negation_aug
the room is not very comfortable,negative,negation_aug
wifi is not very comfortable,negative,negation_aug
the wifi is not very comfortable,negative,negation_aug
service is not very excellent,negative,negation_aug
staff service is not very excellent,negative,negation_aug
room service is not very excellent,negative,negation_aug
hotel service is not very excellent,negative,negation_aug
customer service is not very excellent,negative,negation_aug
the service is not very excellent,negative,negation_aug
staff is not very excellent,negative,negation_aug
the staff is not very excellent,negative,negation_aug
room is not very excellent,negative,negation_aug
the room is not very excellent,negative,negation_aug
wifi is not very excellent,negative,negation_aug
the wifi is not very excellent,negative,negation_aug
service is not very amazing,negative,negation_aug
staff service is not very amazing,negative,negation_aug
room service is not very amazing,negative,negation_aug
hotel service is not very amazing,negative,negation_aug
customer service is not very amazing,negative,negation_aug
the service is not very amazing,negative,negation_aug
staff is not very amazing,negative,negation_aug
the staff is not very amazing,negative,negation_aug
room is not very amazing,negative,negation_aug
the room is not very amazing,negative,negation_aug
wifi is not very amazing,negative,negation_aug
the wifi is not very amazing,negative,negation_aug
service is not very perfect,negative,negation_aug
staff service is not very perfect,negative,negation_aug
room service is not very perfect,negative,negation_aug
hotel service is not very perfect,negative,negation_aug
customer service is not very perfect,negative,negation_aug
the service is not very perfect,negative,negation_aug
staff is not very perfect,negative,negation_aug
the staff is not very perfect,negative,negation_aug
room is not very perfect,negative,negation_aug
the room is not very perfect,negative,negation_aug
wifi is not very perfect,negative,negation_aug
the wifi is not very perfect,negative,negation_aug
service is not very worth it,negative,negation_aug
staff service is not very worth it,negative,negation_aug
room service is not very worth it,negative,negation_aug
hotel service is not very worth it,negative,negation_aug
customer service is not very worth it,negative,negation_aug
the service is not very worth it,negative,negation_aug
staff is not very worth it,negative,negation_aug
the staff is not very worth it,negative,negation_aug
room is not very worth it,negative,negation_aug
the room is not very worth it,negative,negation_aug
wifi is not very worth it,negative,negation_aug
the wifi is not very worth it,negative,negation_aug
service is not very satisfactory,negative,negation_aug
staff service is not very satisfactory,negative,negation_aug
room service is not very satisfactory,negative,negation_aug
hotel service is not very satisfactory,negative,negation_aug
customer service is not very satisfactory,negative,negation_aug
the service is not very satisfactory,negative,negation_aug
staff is not very satisfactory,negative,negation_aug
the staff is not very satisfactory,negative,negation_aug
room is not very satisfactory,negative,negation_aug
the room is not very satisfactory,negative,negation_aug
wifi is not very satisfactory,negative,negation_aug
the wifi is not very satisfactory,negative,negation_aug
service is not very pleasant,negative,negation_aug
staff service is not very pleasant,negative,negation_aug
room service is not very pleasant,negative,negation_aug
hotel service is not very pleasant,negative,negation_aug
customer service is not very pleasant,negative,negation_aug
the service is not very pleasant,negative,negation_aug
staff is not very pleasant,negative,negation_aug
the staff is not very pleasant,negative,negation_aug
room is not very pleasant,negative,negation_aug
the room is not very pleasant,negative,negation_aug
wifi is not very pleasant,negative,negation_aug
the wifi is not very pleasant,negative,negation_aug
service is not very fine,negative,negation_aug
staff service is not very fine,negative,negation_aug
room service is not very fine,negative,negation_aug
hotel service is not very fine,negative,negation_aug
customer service is not very fine,negative,negation_aug
the service is not very fine,negative,negation_aug
staff is not very fine,negative,negation_aug
the staff is not very fine,negative,negation_aug
room is not very fine,negative,negation_aug
the room is not very fine,negative,negation_aug
wifi is not very fine,negative,negation_aug
the wifi is not very fine,negative,negation_aug
service is not very okay,negative,negation_aug
staff service is not very okay,negative,negation_aug
room service is not very okay,negative,negation_aug
hotel service is not very okay,negative,negation_aug
customer service is not very okay,negative,negation_aug
the service is not very okay,negative,negation_aug
staff is not very okay,negative,negation_aug
the staff is not very okay,negative,negation_aug
room is not very okay,negative,negation_aug
the room is not very okay,negative,negation_aug
wifi is not very okay,negative,negation_aug
the wifi is not very okay,negative,negation_aug
service is not that good,negative,negation_aug
staff service is not that good,negative,negation_aug
room service is not that good,negative,negation_aug
hotel service is not that good,negative,negation_aug
customer service is not that good,negative,negation_aug
the service is not that good,negative,negation_aug
staff is not that good,negative,negation_aug
the staff is not that good,negative,negation_aug
room is not that good,negative,negation_aug
the room is not that good,negative,negation_aug
wifi is not that good,negative,negation_aug
the wifi is not that good,negative,negation_aug
service is not that great,negative,negation_aug
staff service is not that great,negative,negation_aug
room service is not that great,negative,negation_aug
hotel service is not that great,negative,negation_aug
customer service is not that great,negative,negation_aug
the service is not that great,negative,negation_aug
staff is not that great,negative,negation_aug
the staff is not that great,negative,negation_aug
room is not that great,negative,negation_aug
the room is not that great,negative,negation_aug
wifi is not that great,negative,negation_aug
the wifi is not that great,negative,negation_aug
service is not that nice,negative,negation_aug
staff service is not that nice,negative,negation_aug
room service is not that nice,negative,negation_aug
hotel service is not that nice,negative,negation_aug
customer service is not that nice,negative,negation_aug
the service is not that nice,negative,negation_aug
staff is not that nice,negative,negation_aug
the staff is not that nice,negative,negation_aug
room is not that nice,negative,negation_aug
the room is not that nice,negative,negation_aug
wifi is not that nice,negative,negation_aug
the wifi is not that nice,negative,negation_aug
service is not that clean,negative,negation_aug
staff service is not that clean,negative,negation_aug
room service is not that clean,negative,negation_aug
hotel service is not that clean,negative,negation_aug
customer service is not that clean,negative,negation_aug
the service is not that clean,negative,negation_aug
staff is not that clean,negative,negation_aug
the staff is not that clean,negative,negation_aug
room is not that clean,negative,negation_aug
the room is not that clean,negative,negation_aug
wifi is not that clean,negative,negation_aug
the wifi is not that clean,negative,negation_aug
service is not that helpful,negative,negation_aug
staff service is not that helpful,negative,negation_aug
room service is not that helpful,negative,negation_aug
hotel service is not that helpful,negative,negation_aug
customer service is not that helpful,negative,negation_aug
the service is not that helpful,negative,negation_aug
staff is not that helpful,negative,negation_aug
the staff is not that helpful,negative,negation_aug
room is not that helpful,negative,negation_aug
the room is not that helpful,negative,negation_aug
wifi is not that helpful,negative,negation_aug
the wifi is not that helpful,negative,negation_aug
service is not that friendly,negative,negation_aug
staff service is not that friendly,negative,negation_aug
room service is not that friendly,negative,negation_aug
hotel service is not that friendly,negative,negation_aug
customer service is not that friendly,negative,negation_aug
the service is not that friendly,negative,negation_aug
staff is not that friendly,negative,negation_aug
the staff is not that friendly,negative,negation_aug
room is not that friendly,negative,negation_aug
the room is not that friendly,negative,negation_aug
wifi is not that friendly,negative,negation_aug
the wifi is not that friendly,negative,negation_aug
service is not that comfortable,negative,negation_aug
staff service is not that comfortable,negative,negation_aug
room service is not that comfortable,negative,negation_aug
hotel service is not that comfortable,negative,negation_aug
customer service is not that comfortable,negative,negation_aug
the service is not that comfortable,negative,negation_aug
staff is not that comfortable,negative,negation_aug
the staff is not that comfortable,negative,negation_aug
room is not that comfortable,negative,negation_aug
the room is not that comfortable,negative,negation_aug
wifi is not that comfortable,negative,negation_aug
the wifi is not that comfortable,negative,negation_aug
service is not that excellent,negative,negation_aug
staff service is not that excellent,negative,negation_aug
room service is not that excellent,negative,negation_aug
hotel service is not that excellent,negative,negation_aug
customer service is not that excellent,negative,negation_aug
the service is not that excellent,negative,negation_aug
staff is not that excellent,negative,negation_aug
the staff is not that excellent,negative,negation_aug
room is not that excellent,negative,negation_aug
the room is not that excellent,negative,negation_aug
wifi is not that excellent,negative,negation_aug
the wifi is not that excellent,negative,negation_aug
service is not that amazing,negative,negation_aug
staff service is not that amazing,negative,negation_aug
room service is not that amazing,negative,negation_aug
hotel service is not that amazing,negative,negation_aug
customer service is not that amazing,negative,negation_aug
the service is not that amazing,negative,negation_aug
staff is not that amazing,negative,negation_aug
the staff is not that amazing,negative,negation_aug
room is not that amazing,negative,negation_aug
the room is not that amazing,negative,negation_aug
wifi is not that amazing,negative,negation_aug
the wifi is not that amazing,negative,negation_aug
service is not that perfect,negative,negation_aug
staff service is not that perfect,negative,negation_aug
room service is not that perfect,negative,negation_aug
hotel service is not that perfect,negative,negation_aug
customer service is not that perfect,negative,negation_aug
the service is not that perfect,negative,negation_aug
staff is not that perfect,negative,negation_aug
the staff is not that perfect,negative,negation_aug
room is not that perfect,negative,negation_aug
the room is not that perfect,negative,negation_aug
wifi is not that perfect,negative,negation_aug
the wifi is not that perfect,negative,negation_aug
service is not that worth it,negative,negation_aug
staff service is not that worth it,negative,negation_aug
room service is not that worth it,negative,negation_aug
hotel service is not that worth it,negative,negation_aug
customer service is not that worth it,negative,negation_aug
the service is not that worth it,negative,negation_aug
staff is not that worth it,negative,negation_aug
the staff is not that worth it,negative,negation_aug
room is not that worth it,negative,negation_aug
the room is not that worth it,negative,negation_aug
wifi is not that worth it,negative,negation_aug
the wifi is not that worth it,negative,negation_aug
service is not that satisfactory,negative,negation_aug
staff service is not that satisfactory,negative,negation_aug
room service is not that satisfactory,negative,negation_aug
hotel service is not that satisfactory,negative,negation_aug
customer service is not that satisfactory,negative,negation_aug
the service is not that satisfactory,negative,negation_aug
staff is not that satisfactory,negative,negation_aug
the staff is not that satisfactory,negative,negation_aug
room is not that satisfactory,negative,negation_aug
the room is not that satisfactory,negative,negation_aug
wifi is not that satisfactory,negative,negation_aug
the wifi is not that satisfactory,negative,negation_aug
service is not that pleasant,negative,negation_aug
staff service is not that pleasant,negative,negation_aug
room service is not that pleasant,negative,negation_aug
hotel service is not that pleasant,negative,negation_aug
customer service is not that pleasant,negative,negation_aug
the service is not that pleasant,negative,negation_aug
staff is not that pleasant,negative,negation_aug
the staff is not that pleasant,negative,negation_aug
room is not that pleasant,negative,negation_aug
the room is not that pleasant,negative,negation_aug
wifi is not that pleasant,negative,negation_aug
the wifi is not that pleasant,negative,negation_aug
service is not that fine,negative,negation_aug
staff service is not that fine,negative,negation_aug
room service is not that fine,negative,negation_aug
hotel service is not that fine,negative,negation_aug
customer service is not that fine,negative,negation_aug
the service is not that fine,negative,negation_aug
staff is not that fine,negative,negation_aug
the staff is not that fine,negative,negation_aug
room is not that fine,negative,negation_aug
the room is not that fine,negative,negation_aug
wifi is not that fine,negative,negation_aug
the wifi is not that fine,negative,negation_aug
service is not that okay,negative,negation_aug
staff service is not that okay,negative,negation_aug
room service is not that okay,negative,negation_aug
hotel service is not that okay,negative,negation_aug
customer service is not that okay,negative,negation_aug
the service is not that okay,negative,negation_aug
staff is not that okay,negative,negation_aug
the staff is not that okay,negative,negation_aug
room is not that okay,negative,negation_aug
the room is not that okay,negative,negation_aug
wifi is not that okay,negative,negation_aug
the wifi is not that okay,negative,negation_aug
service is not really good,negative,negation_aug
staff service is not really good,negative,negation_aug
room service is not really good,negative,negation_aug
hotel service is not really good,negative,negation_aug
customer service is not really good,negative,negation_aug
the service is not really good,negative,negation_aug
staff is not really good,negative,negation_aug
the staff is not really good,negative,negation_aug
room is not really good,negative,negation_aug
the room is not really good,negative,negation_aug
wifi is not really good,negative,negation_aug
the wifi is not really good,negative,negation_aug
service is not really great,negative,negation_aug
staff service is not really great,negative,negation_aug
room service is not really great,negative,negation_aug
hotel service is not really great,negative,negation_aug
customer service is not really great,negative,negation_aug
the service is not really great,negative,negation_aug
staff is not really great,negative,negation_aug
the staff is not really great,negative,negation_aug
room is not really great,negative,negation_aug
the room is not really great,negative,negation_aug
wifi is not really great,negative,negation_aug
the wifi is not really great,negative,negation_aug
service is not really nice,negative,negation_aug
staff service is not really nice,negative,negation_aug
room service is not really nice,negative,negation_aug
hotel service is not really nice,negative,negation_aug
customer service is not really nice,negative,negation_aug
the service is not really nice,negative,negation_aug
staff is not really nice,negative,negation_aug
the staff is not really nice,negative,negation_aug
room is not really nice,negative,negation_aug
the room is not really nice,negative,negation_aug
wifi is not really nice,negative,negation_aug
the wifi is not really nice,negative,negation_aug
service is not really clean,negative,negation_aug
staff service is not really clean,negative,negation_aug
room service is not really clean,negative,negation_aug
hotel service is not really clean,negative,negation_aug
customer service is not really clean,negative,negation_aug
the service is not really clean,negative,negation_aug
staff is not really clean,negative,negation_aug
the staff is not really clean,negative,negation_aug
room is not really clean,negative,negation_aug
the room is not really clean,negative,negation_aug
wifi is not really clean,negative,negation_aug
the wifi is not really clean,negative,negation_aug
service is not really helpful,negative,negation_aug
staff service is not really helpful,negative,negation_aug
room service is not really helpful,negative,negation_aug
hotel service is not really helpful,negative,negation_aug
customer service is not really helpful,negative,negation_aug
the service is not really helpful,negative,negation_aug
staff is not really helpful,negative,negation_aug
the staff is not really helpful,negative,negation_aug
room is not really helpful,negative,negation_aug
the room is not really helpful,negative,negation_aug
wifi is not really helpful,negative,negation_aug
the wifi is not really helpful,negative,negation_aug
service is not really friendly,negative,negation_aug
staff service is not really friendly,negative,negation_aug
room service is not really friendly,negative,negation_aug
hotel service is not really friendly,negative,negation_aug
customer service is not really friendly,negative,negation_aug
the service is not really friendly,negative,negation_aug
staff is not really friendly,negative,negation_aug
the staff is not really friendly,negative,negation_aug
room is not really friendly,negative,negation_aug
the room is not really friendly,negative,negation_aug
wifi is not really friendly,negative,negation_aug
the wifi is not really friendly,negative,negation_aug
service is not really comfortable,negative,negation_aug
staff service is not really comfortable,negative,negation_aug
room service is not really comfortable,negative,negation_aug
hotel service is not really comfortable,negative,negation_aug
customer service is not really comfortable,negative,negation_aug
the service is not really comfortable,negative,negation_aug
staff is not really comfortable,negative,negation_aug
the staff is not really comfortable,negative,negation_aug
room is not really comfortable,negative,negation_aug
the room is not really comfortable,negative,negation_aug
wifi is not really comfortable,negative,negation_aug
the wifi is not really comfortable,negative,negation_aug
service is not really excellent,negative,negation_aug
staff service is not really excellent,negative,negation_aug
room service is not really excellent,negative,negation_aug
hotel service is not really excellent,negative,negation_aug
customer service is not really excellent,negative,negation_aug
the service is not really excellent,negative,negation_aug
staff is not really excellent,negative,negation_aug
the staff is not really excellent,negative,negation_aug
room is not really excellent,negative,negation_aug
the room is not really excellent,negative,negation_aug
wifi is not really excellent,negative,negation_aug
the wifi is not really excellent,negative,negation_aug
service is not really amazing,negative,negation_aug
staff service is not really amazing,negative,negation_aug
room service is not really amazing,negative,negation_aug
hotel service is not really amazing,negative,negation_aug
customer service is not really amazing,negative,negation_aug
the service is not really amazing,negative,negation_aug
staff is not really amazing,negative,negation_aug
the staff is not really amazing,negative,negation_aug
room is not really amazing,negative,negation_aug
the room is not really amazing,negative,negation_aug
wifi is not really amazing,negative,negation_aug
the wifi is not really amazing,negative,negation_aug
service is not really perfect,negative,negation_aug
staff service is not really perfect,negative,negation_aug
room service is not really perfect,negative,negation_aug
hotel service is not really perfect,negative,negation_aug
customer service is not really perfect,negative,negation_aug
the service is not really perfect,negative,negation_aug
staff is not really perfect,negative,negation_aug
the staff is not really perfect,negative,negation_aug
room is not really perfect,negative,negation_aug
the room is not really perfect,negative,negation_aug
wifi is not really perfect,negative,negation_aug
the wifi is not really perfect,negative,negation_aug
service is not really worth it,negative,negation_aug
staff service is not really worth it,negative,negation_aug
room service is not really worth it,negative,negation_aug
hotel service is not really worth it,negative,negation_aug
customer service is not really worth it,negative,negation_aug
the service is not really worth it,negative,negation_aug
staff is not really worth it,negative,negation_aug
the staff is not really worth it,negative,negation_aug
room is not really worth it,negative,negation_aug
the room is not really worth it,negative,negation_aug
wifi is not really worth it,negative,negation_aug
the wifi is not really worth it,negative,negation_aug
service is not really satisfactory,negative,negation_aug
staff service is not really satisfactory,negative,negation_aug
room service is not really satisfactory,negative,negation_aug
hotel service is not really satisfactory,negative,negation_aug
customer service is not really satisfactory,negative,negation_aug
the service is not really satisfactory,negative,negation_aug
staff is not really satisfactory,negative,negation_aug
the staff is not really satisfactory,negative,negation_aug
room is not really satisfactory,negative,negation_aug
the room is not really satisfactory,negative,negation_aug
wifi is not really satisfactory,negative,negation_aug
the wifi is not really satisfactory,negative,negation_aug
service is not really pleasant,negative,negation_aug
staff service is not really pleasant,negative,negation_aug
room service is not really pleasant,negative,negation_aug
hotel service is not really pleasant,negative,negation_aug
customer service is not really pleasant,negative,negation_aug
the service is not really pleasant,negative,negation_aug
staff is not really pleasant,negative,negation_aug
the staff is not really pleasant,negative,negation_aug
room is not really pleasant,negative,negation_aug
the room is not really pleasant,negative,negation_aug
wifi is not really pleasant,negative,negation_aug
the wifi is not really pleasant,negative,negation_aug
service is not really fine,negative,negation_aug
staff service is not really fine,negative,negation_aug
room service is not really fine,negative,negation_aug
hotel service is not really fine,negative,negation_aug
customer service is not really fine,negative,negation_aug
the service is not really fine,negative,negation_aug
staff is not really fine,negative,negation_aug
the staff is not really fine,negative,negation_aug
room is not really fine,negative,negation_aug
the room is not really fine,negative,negation_aug
wifi is not really fine,negative,negation_aug
the wifi is not really fine,negative,negation_aug
service is not really okay,negative,negation_aug
staff service is not really okay,negative,negation_aug
room service is not really okay,negative,negation_aug
hotel service is not really okay,negative,negation_aug
customer service is not really okay,negative,negation_aug
the service is not really okay,negative,negation_aug
staff is not really okay,negative,negation_aug
the staff is not really okay,negative,negation_aug
room is not really okay,negative,negation_aug
the room is not really okay,negative,negation_aug
wifi is not really okay,negative,negation_aug
the wifi is not really okay,negative,negation_aug
service is not much good,negative,negation_aug
staff service is not much good,negative,negation_aug
room service is not much good,negative,negation_aug
hotel service is not much good,negative,negation_aug
customer service is not much good,negative,negation_aug
the service is not much good,negative,negation_aug
staff is not much good,negative,negation_aug
the staff is not much good,negative,negation_aug
room is not much good,negative,negation_aug
the room is not much good,negative,negation_aug
wifi is not much good,negative,negation_aug
the wifi is not much good,negative,negation_aug
service is not much great,negative,negation_aug
staff service is not much great,negative,negation_aug
room service is not much great,negative,negation_aug
hotel service is not much great,negative,negation_aug
customer service is not much great,negative,negation_aug
the service is not much great,negative,negation_aug
staff is not much great,negative,negation_aug
the staff is not much great,negative,negation_aug
room is not much great,negative,negation_aug
the room is not much great,negative,negation_aug
wifi is not much great,negative,negation_aug
the wifi is not much great,negative,negation_aug
service is not much nice,negative,negation_aug
staff service is not much nice,negative,negation_aug
room service is not much nice,negative,negation_aug
hotel service is not much nice,negative,negation_aug
customer service is not much nice,negative,negation_aug
the service is not much nice,negative,negation_aug
staff is not much nice,negative,negation_aug
the staff is not much nice,negative,negation_aug
room is not much nice,negative,negation_aug
the room is not much nice,negative,negation_aug
wifi is not much nice,negative,negation_aug
the wifi is not much nice,negative,negation_aug
service is not much clean,negative,negation_aug
staff service is not much clean,negative,negation_aug
room service is not much clean,negative,negation_aug
hotel service is not much clean,negative,negation_aug
customer service is not much clean,negative,negation_aug
the service is not much clean,negative,negation_aug
staff is not much clean,negative,negation_aug
the staff is not much clean,negative,negation_aug
room is not much clean,negative,negation_aug
the room is not much clean,negative,negation_aug
wifi is not much clean,negative,negation_aug
the wifi is not much clean,negative,negation_aug
service is not much helpful,negative,negation_aug
staff service is not much helpful,negative,negation_aug
room service is not much helpful,negative,negation_aug
hotel service is not much helpful,negative,negation_aug
customer service is not much helpful,negative,negation_aug
the service is not much helpful,negative,negation_aug
staff is not much helpful,negative,negation_aug
the staff is not much helpful,negative,negation_aug
room is not much helpful,negative,negation_aug
the room is not much helpful,negative,negation_aug
wifi is not much helpful,negative,negation_aug
the wifi is not much helpful,negative,negation_aug
service is not much friendly,negative,negation_aug
staff service is not much friendly,negative,negation_aug
room service is not much friendly,negative,negation_aug
hotel service is not much friendly,negative,negation_aug
customer service is not much friendly,negative,negation_aug
the service is not much friendly,negative,negation_aug
staff is not much friendly,negative,negation_aug
the staff is not much friendly,negative,negation_aug
room is not much friendly,negative,negation_aug
the room is not much friendly,negative,negation_aug
wifi is not much friendly,negative,negation_aug
the wifi is not much friendly,negative,negation_aug
service is not much comfortable,negative,negation_aug
staff service is not much comfortable,negative,negation_aug
room service is not much comfortable,negative,negation_aug
hotel service is not much comfortable,negative,negation_aug
customer service is not much comfortable,negative,negation_aug
the service is not much comfortable,negative,negation_aug
staff is not much comfortable,negative,negation_aug
the staff is not much comfortable,negative,negation_aug
room is not much comfortable,negative,negation_aug
the room is not much comfortable,negative,negation_aug
wifi is not much comfortable,negative,negation_aug
the wifi is not much comfortable,negative,negation_aug
service is not much excellent,negative,negation_aug
staff service is not much excellent,negative,negation_aug
room service is not much excellent,negative,negation_aug
hotel service is not much excellent,negative,negation_aug
customer service is not much excellent,negative,negation_aug
the service is not much excellent,negative,negation_aug
staff is not much excellent,negative,negation_aug
the staff is not much excellent,negative,negation_aug
room is not much excellent,negative,negation_aug
the room is not much excellent,negative,negation_aug
wifi is not much excellent,negative,negation_aug
the wifi is not much excellent,negative,negation_aug
service is not much amazing,negative,negation_aug
staff service is not much amazing,negative,negation_aug
room service is not much amazing,negative,negation_aug
hotel service is not much amazing,negative,negation_aug
customer service is not much amazing,negative,negation_aug
the service is not much amazing,negative,negation_aug
staff is not much amazing,negative,negation_aug
the staff is not much amazing,negative,negation_aug
room is not much amazing,negative,negation_aug
the room is not much amazing,negative,negation_aug
wifi is not much amazing,negative,negation_aug
the wifi is not much amazing,negative,negation_aug
service is not much perfect,negative,negation_aug
staff service is not much perfect,negative,negation_aug
room service is not much perfect,negative,negation_aug
hotel service is not much perfect,negative,negation_aug
customer service is not much perfect,negative,negation_aug
the service is not much perfect,negative,negation_aug
staff is not much perfect,negative,negation_aug
the staff is not much perfect,negative,negation_aug
room is not much perfect,negative,negation_aug
the room is not much perfect,negative,negation_aug
wifi is not much perfect,negative,negation_aug
the wifi is not much perfect,negative,negation_aug
service is not much worth it,negative,negation_aug
staff service is not much worth it,negative,negation_aug
room service is not much worth it,negative,negation_aug
hotel service is not much worth it,negative,negation_aug
customer service is not much worth it,negative,negation_aug
the service is not much worth it,negative,negation_aug
staff is not much worth it,negative,negation_aug
the staff is not much worth it,negative,negation_aug
room is not much worth it,negative,negation_aug
the room is not much worth it,negative,negation_aug
wifi is not much worth it,negative,negation_aug
the wifi is not much worth it,negative,negation_aug
service is not much satisfactory,negative,negation_aug
staff service is not much satisfactory,negative,negation_aug
room service is not much satisfactory,negative,negation_aug
hotel service is not much satisfactory,negative,negation_aug
customer service is not much satisfactory,negative,negation_aug
the service is not much satisfactory,negative,negation_aug
staff is not much satisfactory,negative,negation_aug
the staff is not much satisfactory,negative,negation_aug
room is not much satisfactory,negative,negation_aug
the room is not much satisfactory,negative,negation_aug
wifi is not much satisfactory,negative,negation_aug
the wifi is not much satisfactory,negative,negation_aug
service is not much pleasant,negative,negation_aug
staff service is not much pleasant,negative,negation_aug
room service is not much pleasant,negative,negation_aug
hotel service is not much pleasant,negative,negation_aug
customer service is not much pleasant,negative,negation_aug
the service is not much pleasant,negative,negation_aug
staff is not much pleasant,negative,negation_aug
the staff is not much pleasant,negative,negation_aug
room is not much pleasant,negative,negation_aug
the room is not much pleasant,negative,negation_aug
wifi is not much pleasant,negative,negation_aug
the wifi is not much pleasant,negative,negation_aug
service is not much fine,negative,negation_aug
staff service is not much fine,negative,negation_aug
room service is not much fine,negative,negation_aug
hotel service is not much fine,negative,negation_aug
customer service is not much fine,negative,negation_aug
the service is not much fine,negative,negation_aug
staff is not much fine,negative,negation_aug
the staff is not much fine,negative,negation_aug
room is not much fine,negative,negation_aug
the room is not much fine,negative,negation_aug
wifi is not much fine,negative,negation_aug
the wifi is not much fine,negative,negation_aug
service is not much okay,negative,negation_aug
staff service is not much okay,negative,negation_aug
room service is not much okay,negative,negation_aug
hotel service is not much okay,negative,negation_aug
customer service is not much okay,negative,negation_aug
the service is not much okay,negative,negation_aug
staff is not much okay,negative,negation_aug
the staff is not much okay,negative,negation_aug
room is not much okay,negative,negation_aug
the room is not much okay,negative,negation_aug
wifi is not much okay,negative,negation_aug
the wifi is not much okay,negative,negation_aug
service is never good,negative,negation_aug
staff service is never good,negative,negation_aug
room service is never good,negative,negation_aug
hotel service is never good,negative,negation_aug
customer service is never good,negative,negation_aug
the service is never good,negative,negation_aug
staff is never good,negative,negation_aug
the staff is never good,negative,negation_aug
room is never good,negative,negation_aug
the room is never good,negative,negation_aug
wifi is never good,negative,negation_aug
the wifi is never good,negative,negation_aug
service is never great,negative,negation_aug
staff service is never great,negative,negation_aug
room service is never great,negative,negation_aug
hotel service is never great,negative,negation_aug
customer service is never great,negative,negation_aug
the service is never great,negative,negation_aug
staff is never great,negative,negation_aug
the staff is never great,negative,negation_aug
room is never great,negative,negation_aug
the room is never great,negative,negation_aug
wifi is never great,negative,negation_aug
the wifi is never great,negative,negation_aug
service is never nice,negative,negation_aug
staff service is never nice,negative,negation_aug
room service is never nice,negative,negation_aug
hotel service is never nice,negative,negation_aug
customer service is never nice,negative,negation_aug
the service is never nice,negative,negation_aug
staff is never nice,negative,negation_aug
the staff is never nice,negative,negation_aug
room is never nice,negative,negation_aug
the room is never nice,negative,negation_aug
wifi is never nice,negative,negation_aug
the wifi is never nice,negative,negation_aug
service is never clean,negative,negation_aug
staff service is never clean,negative,negation_aug
room service is never clean,negative,negation_aug
hotel service is never clean,negative,negation_aug
customer service is never clean,negative,negation_aug
the service is never clean,negative,negation_aug
staff is never clean,negative,negation_aug
the staff is never clean,negative,negation_aug
room is never clean,negative,negation_aug
the room is never clean,negative,negation_aug
wifi is never clean,negative,negation_aug
the wifi is never clean,negative,negation_aug
service is never helpful,negative,negation_aug
staff service is never helpful,negative,negation_aug
room service is never helpful,negative,negation_aug
hotel service is never helpful,negative,negation_aug
customer service is never helpful,negative,negation_aug
the service is never helpful,negative,negation_aug
staff is never helpful,negative,negation_aug
the staff is never helpful,negative,negation_aug
room is never helpful,negative,negation_aug
the room is never helpful,negative,negation_aug
wifi is never helpful,negative,negation_aug
the wifi is never helpful,negative,negation_aug
service is never friendly,negative,negation_aug
staff service is never friendly,negative,negation_aug
room service is never friendly,negative,negation_aug
hotel service is never friendly,negative,negation_aug
customer service is never friendly,negative,negation_aug
the service is never friendly,negative,negation_aug
staff is never friendly,negative,negation_aug
the staff is never friendly,negative,negation_aug
room is never friendly,negative,negation_aug
the room is never friendly,negative,negation_aug
wifi is never friendly,negative,negation_aug
the wifi is never friendly,negative,negation_aug
service is never comfortable,negative,negation_aug
staff service is never comfortable,negative,negation_aug
room service is never comfortable,negative,negation_aug
hotel service is never comfortable,negative,negation_aug
customer service is never comfortable,negative,negation_aug
the service is never comfortable,negative,negation_aug
staff is never comfortable,negative,negation_aug
the staff is never comfortable,negative,negation_aug
room is never comfortable,negative,negation_aug
the room is never comfortable,negative,negation_aug
wifi is never comfortable,negative,negation_aug
the wifi is never comfortable,negative,negation_aug
service is never excellent,negative,negation_aug
staff service is never excellent,negative,negation_aug
room service is never excellent,negative,negation_aug
hotel service is never excellent,negative,negation_aug
customer service is never excellent,negative,negation_aug
the service is never excellent,negative,negation_aug
staff is never excellent,negative,negation_aug
the staff is never excellent,negative,negation_aug
room is never excellent,negative,negation_aug
the room is never excellent,negative,negation_aug
wifi is never excellent,negative,negation_aug
the wifi is never excellent,negative,negation_aug
service is never amazing,negative,negation_aug
staff service is never amazing,negative,negation_aug
room service is never amazing,negative,negation_aug
hotel service is never amazing,negative,negation_aug
customer service is never amazing,negative,negation_aug
the service is never amazing,negative,negation_aug
staff is never amazing,negative,negation_aug
the staff is never amazing,negative,negation_aug
room is never amazing,negative,negation_aug
the room is never amazing,negative,negation_aug
wifi is never amazing,negative,negation_aug
the wifi is never amazing,negative,negation_aug
service is never perfect,negative,negation_aug
staff service is never perfect,negative,negation_aug
room service is never perfect,negative,negation_aug
hotel service is never perfect,negative,negation_aug
customer service is never perfect,negative,negation_aug
the service is never perfect,negative,negation_aug
staff is never perfect,negative,negation_aug
the staff is never perfect,negative,negation_aug
room is never perfect,negative,negation_aug
the room is never perfect,negative,negation_aug
wifi is never perfect,negative,negation_aug
the wifi is never perfect,negative,negation_aug
service is never worth it,negative,negation_aug
staff service is never worth it,negative,negation_aug
room service is never worth it,negative,negation_aug
hotel service is never worth it,negative,negation_aug
customer service is never worth it,negative,negation_aug
the service is never worth it,negative,negation_aug
staff is never worth it,negative,negation_aug
the staff is never worth it,negative,negation_aug
room is never worth it,negative,negation_aug
the room is never worth it,negative,negation_aug
wifi is never worth it,negative,negation_aug
the wifi is never worth it,negative,negation_aug
service is never satisfactory,negative,negation_aug
staff service is never satisfactory,negative,negation_aug
room service is never satisfactory,negative,negation_aug
hotel service is never satisfactory,negative,negation_aug
customer service is never satisfactory,negative,negation_aug
the service is never satisfactory,negative,negation_aug
staff is never satisfactory,negative,negation_aug
the staff is never satisfactory,negative,negation_aug
room is never satisfactory,negative,negation_aug
the room is never satisfactory,negative,negation_aug
wifi is never satisfactory,negative,negation_aug
the wifi is never satisfactory,negative,negation_aug
service is never pleasant,negative,negation_aug
staff service is never pleasant,negative,negation_aug
room service is never pleasant,negative,negation_aug
hotel service is never pleasant,negative,negation_aug
customer service is never pleasant,negative,negation_aug
the service is never pleasant,negative,negation_aug
staff is never pleasant,negative,negation_aug
the staff is never pleasant,negative,negation_aug
room is never pleasant,negative,negation_aug
the room is never pleasant,negative,negation_aug
wifi is never pleasant,negative,negation_aug
the wifi is never pleasant,negative,negation_aug
service is never fine,negative,negation_aug
staff service is never fine,negative,negation_aug
room service is never fine,negative,negation_aug
hotel service is never fine,negative,negation_aug
customer service is never fine,negative,negation_aug
the service is never fine,negative,negation_aug
staff is never fine,negative,negation_aug
the staff is never fine,negative,negation_aug
room is never fine,negative,negation_aug
the room is never fine,negative,negation_aug
wifi is never fine,negative,negation_aug
the wifi is never fine,negative,negation_aug
service is never okay,negative,negation_aug
staff service is never okay,negative,negation_aug
room service is never okay,negative,negation_aug
hotel service is never okay,negative,negation_aug
customer service is never okay,negative,negation_aug
the service is never okay,negative,negation_aug
staff is never okay,negative,negation_aug
the staff is never okay,negative,negation_aug
room is never okay,negative,negation_aug
the room is never okay,negative,negation_aug
wifi is never okay,negative,negation_aug
the wifi is never okay,negative,negation_aug
service is hardly good,negative,negation_aug
staff service is hardly good,negative,negation_aug
room service is hardly good,negative,negation_aug
hotel service is hardly good,negative,negation_aug
customer service is hardly good,negative,negation_aug
the service is hardly good,negative,negation_aug
staff is hardly good,negative,negation_aug
the staff is hardly good,negative,negation_aug
room is hardly good,negative,negation_aug
the room is hardly good,negative,negation_aug
wifi is hardly good,negative,negation_aug
the wifi is hardly good,negative,negation_aug
service is hardly great,negative,negation_aug
staff service is hardly great,negative,negation_aug
room service is hardly great,negative,negation_aug
hotel service is hardly great,negative,negation_aug
customer service is hardly great,negative,negation_aug
the service is hardly great,negative,negation_aug
staff is hardly great,negative,negation_aug
the staff is hardly great,negative,negation_aug
room is hardly great,negative,negation_aug
the room is hardly great,negative,negation_aug
wifi is hardly great,negative,negation_aug
the wifi is hardly great,negative,negation_aug
service is hardly nice,negative,negation_aug
staff service is hardly nice,negative,negation_aug
room service is hardly nice,negative,negation_aug
hotel service is hardly nice,negative,negation_aug
customer service is hardly nice,negative,negation_aug
the service is hardly nice,negative,negation_aug
staff is hardly nice,negative,negation_aug
the staff is hardly nice,negative,negation_aug
room is hardly nice,negative,negation_aug
the room is hardly nice,negative,negation_aug
wifi is hardly nice,negative,negation_aug
the wifi is hardly nice,negative,negation_aug
service is hardly clean,negative,negation_aug
staff service is hardly clean,negative,negation_aug
room service is hardly clean,negative,negation_aug
hotel service is hardly clean,negative,negation_aug
customer service is hardly clean,negative,negation_aug
the service is hardly clean,negative,negation_aug
staff is hardly clean,negative,negation_aug
the staff is hardly clean,negative,negation_aug
room is hardly clean,negative,negation_aug
the room is hardly clean,negative,negation_aug
wifi is hardly clean,negative,negation_aug
the wifi is hardly clean,negative,negation_aug
service is hardly helpful,negative,negation_aug
staff service is hardly helpful,negative,negation_aug
room service is hardly helpful,negative,negation_aug
hotel service is hardly helpful,negative,negation_aug
customer service is hardly helpful,negative,negation_aug
the service is hardly helpful,negative,negation_aug
staff is hardly helpful,negative,negation_aug
the staff is hardly helpful,negative,negation_aug
room is hardly helpful,negative,negation_aug
the room is hardly helpful,negative,negation_aug
wifi is hardly helpful,negative,negation_aug
the wifi is hardly helpful,negative,negation_aug
service is hardly friendly,negative,negation_aug
staff service is hardly friendly,negative,negation_aug
room service is hardly friendly,negative,negation_aug
hotel service is hardly friendly,negative,negation_aug
customer service is hardly friendly,negative,negation_aug
the service is hardly friendly,negative,negation_aug
staff is hardly friendly,negative,negation_aug
the staff is hardly friendly,negative,negation_aug
room is hardly friendly,negative,negation_aug
the room is hardly friendly,negative,negation_aug
wifi is hardly friendly,negative,negation_aug
the wifi is hardly friendly,negative,negation_aug
service is hardly comfortable,negative,negation_aug
staff service is hardly comfortable,negative,negation_aug
room service is hardly comfortable,negative,negation_aug
hotel service is hardly comfortable,negative,negation_aug
customer service is hardly comfortable,negative,negation_aug
the service is hardly comfortable,negative,negation_aug
staff is hardly comfortable,negative,negation_aug
the staff is hardly comfortable,negative,negation_aug
room is hardly comfortable,negative,negation_aug
the room is hardly comfortable,negative,negation_aug
wifi is hardly comfortable,negative,negation_aug
the wifi is hardly comfortable,negative,negation_aug
service is hardly excellent,negative,negation_aug
staff service is hardly excellent,negative,negation_aug
room service is hardly excellent,negative,negation_aug
hotel service is hardly excellent,negative,negation_aug
customer service is hardly excellent,negative,negation_aug
the service is hardly excellent,negative,negation_aug
staff is hardly excellent,negative,negation_aug
the staff is hardly excellent,negative,negation_aug
room is hardly excellent,negative,negation_aug
the room is hardly excellent,negative,negation_aug
wifi is hardly excellent,negative,negation_aug
the wifi is hardly excellent,negative,negation_aug
service is hardly amazing,negative,negation_aug
staff service is hardly amazing,negative,negation_aug
room service is hardly amazing,negative,negation_aug
hotel service is hardly amazing,negative,negation_aug
customer service is hardly amazing,negative,negation_aug
the service is hardly amazing,negative,negation_aug
staff is hardly amazing,negative,negation_aug
the staff is hardly amazing,negative,negation_aug
room is hardly amazing,negative,negation_aug
the room is hardly amazing,negative,negation_aug
wifi is hardly amazing,negative,negation_aug
the wifi is hardly amazing,negative,negation_aug
service is hardly perfect,negative,negation_aug
staff service is hardly perfect,negative,negation_aug
room service is hardly perfect,negative,negation_aug
hotel service is hardly perfect,negative,negation_aug
customer service is hardly perfect,negative,negation_aug
the service is hardly perfect,negative,negation_aug
staff is hardly perfect,negative,negation_aug
the staff is hardly perfect,negative,negation_aug
room is hardly perfect,negative,negation_aug
the room is hardly perfect,negative,negation_aug
wifi is hardly perfect,negative,negation_aug
the wifi is hardly perfect,negative,negation_aug
service is hardly worth it,negative,negation_aug
staff service is hardly worth it,negative,negation_aug
room service is hardly worth it,negative,negation_aug
hotel service is hardly worth it,negative,negation_aug
customer service is hardly worth it,negative,negation_aug
the service is hardly worth it,negative,negation_aug
staff is hardly worth it,negative,negation_aug
the staff is hardly worth it,negative,negation_aug
room is hardly worth it,negative,negation_aug
the room is hardly worth it,negative,negation_aug
wifi is hardly worth it,negative,negation_aug
the wifi is hardly worth it,negative,negation_aug
service is hardly satisfactory,negative,negation_aug
staff service is hardly satisfactory,negative,negation_aug
room service is hardly satisfactory,negative,negation_aug
hotel service is hardly satisfactory,negative,negation_aug
customer service is hardly satisfactory,negative,negation_aug
the service is hardly satisfactory,negative,negation_aug
staff is hardly satisfactory,negative,negation_aug
the staff is hardly satisfactory,negative,negation_aug
room is hardly satisfactory,negative,negation_aug
the room is hardly satisfactory,negative,negation_aug
wifi is hardly satisfactory,negative,negation_aug
the wifi is hardly satisfactory,negative,negation_aug
service is hardly pleasant,negative,negation_aug
staff service is hardly pleasant,negative,negation_aug
room service is hardly pleasant,negative,negation_aug
hotel service is hardly pleasant,negative,negation_aug
customer service is hardly pleasant,negative,negation_aug
the service is hardly pleasant,negative,negation_aug
staff is hardly pleasant,negative,negation_aug
the staff is hardly pleasant,negative,negation_aug
room is hardly pleasant,negative,negation_aug
the room is hardly pleasant,negative,negation_aug
wifi is hardly pleasant,negative,negation_aug
the wifi is hardly pleasant,negative,negation_aug
service is hardly fine,negative,negation_aug
staff service is hardly fine,negative,negation_aug
room service is hardly fine,negative,negation_aug
hotel service is hardly fine,negative,negation_aug
customer service is hardly fine,negative,negation_aug
the service is hardly fine,negative,negation_aug
staff is hardly fine,negative,negation_aug
the staff is hardly fine,negative,negation_aug
room is hardly fine,negative,negation_aug
the room is hardly fine,negative,negation_aug
wifi is hardly fine,negative,negation_aug
the wifi is hardly fine,negative,negation_aug
service is hardly okay,negative,negation_aug
staff service is hardly okay,negative,negation_aug
room service is hardly okay,negative,negation_aug
hotel service is hardly okay,negative,negation_aug
customer service is hardly okay,negative,negation_aug
the service is hardly okay,negative,negation_aug
staff is hardly okay,negative,negation_aug
the staff is hardly okay,negative,negation_aug
room is hardly okay,negative,negation_aug
the room is hardly okay,negative,negation_aug
wifi is hardly okay,negative,negation_aug
the wifi is hardly okay,negative,negation_aug
service is barely good,negative,negation_aug
staff service is barely good,negative,negation_aug
room service is barely good,negative,negation_aug
hotel service is barely good,negative,negation_aug
customer service is barely good,negative,negation_aug
the service is barely good,negative,negation_aug
staff is barely good,negative,negation_aug
the staff is barely good,negative,negation_aug
room is barely good,negative,negation_aug
the room is barely good,negative,negation_aug
wifi is barely good,negative,negation_aug
the wifi is barely good,negative,negation_aug
service is barely great,negative,negation_aug
staff service is barely great,negative,negation_aug
room service is barely great,negative,negation_aug
hotel service is barely great,negative,negation_aug
customer service is barely great,negative,negation_aug
the service is barely great,negative,negation_aug
staff is barely great,negative,negation_aug
the staff is barely great,negative,negation_aug
room is barely great,negative,negation_aug
the room is barely great,negative,negation_aug
wifi is barely great,negative,negation_aug
the wifi is barely great,negative,negation_aug
service is barely nice,negative,negation_aug
staff service is barely nice,negative,negation_aug
room service is barely nice,negative,negation_aug
hotel service is barely nice,negative,negation_aug
customer service is barely nice,negative,negation_aug
the service is barely nice,negative,negation_aug
staff is barely nice,negative,negation_aug
the staff is barely nice,negative,negation_aug
room is barely nice,negative,negation_aug
the room is barely nice,negative,negation_aug
wifi is barely nice,negative,negation_aug
the wifi is barely nice,negative,negation_aug
service is barely clean,negative,negation_aug
staff service is barely clean,negative,negation_aug
room service is barely clean,negative,negation_aug
hotel service is barely clean,negative,negation_aug
customer service is barely clean,negative,negation_aug
the service is barely clean,negative,negation_aug
staff is barely clean,negative,negation_aug
the staff is barely clean,negative,negation_aug
room is barely clean,negative,negation_aug
the room is barely clean,negative,negation_aug
wifi is barely clean,negative,negation_aug
the wifi is barely clean,negative,negation_aug
service is barely helpful,negative,negation_aug
staff service is barely helpful,negative,negation_aug
room service is barely helpful,negative,negation_aug
hotel service is barely helpful,negative,negation_aug
customer service is barely helpful,negative,negation_aug
the service is barely helpful,negative,negation_aug
staff is barely helpful,negative,negation_aug
the staff is barely helpful,negative,negation_aug
room is barely helpful,negative,negation_aug
the room is barely helpful,negative,negation_aug
wifi is barely helpful,negative,negation_aug
the wifi is barely helpful,negative,negation_aug
service is barely friendly,negative,negation_aug
staff service is barely friendly,negative,negation_aug
room service is barely friendly,negative,negation_aug
hotel service is barely friendly,negative,negation_aug
customer service is barely friendly,negative,negation_aug
the service is barely friendly,negative,negation_aug
staff is barely friendly,negative,negation_aug
the staff is barely friendly,negative,negation_aug
room is barely friendly,negative,negation_aug
the room is barely friendly,negative,negation_aug
wifi is barely friendly,negative,negation_aug
the wifi is barely friendly,negative,negation_aug
service is barely comfortable,negative,negation_aug
staff service is barely comfortable,negative,negation_aug
room service is barely comfortable,negative,negation_aug
hotel service is barely comfortable,negative,negation_aug
customer service is barely comfortable,negative,negation_aug
the service is barely comfortable,negative,negation_aug
staff is barely comfortable,negative,negation_aug
the staff is barely comfortable,negative,negation_aug
room is barely comfortable,negative,negation_aug
the room is barely comfortable,negative,negation_aug
wifi is barely comfortable,negative,negation_aug
the wifi is barely comfortable,negative,negation_aug
service is barely excellent,negative,negation_aug
staff service is barely excellent,negative,negation_aug
room service is barely excellent,negative,negation_aug
hotel service is barely excellent,negative,negation_aug
customer service is barely excellent,negative,negation_aug
the service is barely excellent,negative,negation_aug
staff is barely excellent,negative,negation_aug
the staff is barely excellent,negative,negation_aug
room is barely excellent,negative,negation_aug
the room is barely excellent,negative,negation_aug
wifi is barely excellent,negative,negation_aug
the wifi is barely excellent,negative,negation_aug
service is barely amazing,negative,negation_aug
staff service is barely amazing,negative,negation_aug
room service is barely amazing,negative,negation_aug
hotel service is barely amazing,negative,negation_aug
customer service is barely amazing,negative,negation_aug
the service is barely amazing,negative,negation_aug
staff is barely amazing,negative,negation_aug
the staff is barely amazing,negative,negation_aug
room is barely amazing,negative,negation_aug
the room is barely amazing,negative,negation_aug
wifi is barely amazing,negative,negation_aug
the wifi is barely amazing,negative,negation_aug
service is barely perfect,negative,negation_aug
staff service is barely perfect,negative,negation_aug
room service is barely perfect,negative,negation_aug
hotel service is barely perfect,negative,negation_aug
customer service is barely perfect,negative,negation_aug
the service is barely perfect,negative,negation_aug
staff is barely perfect,negative,negation_aug
the staff is barely perfect,negative,negation_aug
room is barely perfect,negative,negation_aug
the room is barely perfect,negative,negation_aug
wifi is barely perfect,negative,negation_aug
the wifi is barely perfect,negative,negation_aug
service is barely worth it,negative,negation_aug
staff service is barely worth it,negative,negation_aug
room service is barely worth it,negative,negation_aug
hotel service is barely worth it,negative,negation_aug
customer service is barely worth it,negative,negation_aug
the service is barely worth it,negative,negation_aug
staff is barely worth it,negative,negation_aug
the staff is barely worth it,negative,negation_aug
room is barely worth it,negative,negation_aug
the room is barely worth it,negative,negation_aug
wifi is barely worth it,negative,negation_aug
the wifi is barely worth it,negative,negation_aug
service is barely satisfactory,negative,negation_aug
staff service is barely satisfactory,negative,negation_aug
room service is barely satisfactory,negative,negation_aug
hotel service is barely satisfactory,negative,negation_aug
customer service is barely satisfactory,negative,negation_aug
the service is barely satisfactory,negative,negation_aug
staff is barely satisfactory,negative,negation_aug
the staff is barely satisfactory,negative,negation_aug
room is barely satisfactory,negative,negation_aug
the room is barely satisfactory,negative,negation_aug
wifi is barely satisfactory,negative,negation_aug
the wifi is barely satisfactory,negative,negation_aug
service is barely pleasant,negative,negation_aug
staff service is barely pleasant,negative,negation_aug
room service is barely pleasant,negative,negation_aug
hotel service is barely pleasant,negative,negation_aug
customer service is barely pleasant,negative,negation_aug
the service is barely pleasant,negative,negation_aug
staff is barely pleasant,negative,negation_aug
the staff is barely pleasant,negative,negation_aug
room is barely pleasant,negative,negation_aug
the room is barely pleasant,negative,negation_aug
wifi is barely pleasant,negative,negation_aug
the wifi is barely pleasant,negative,negation_aug
service is barely fine,negative,negation_aug
staff service is barely fine,negative,negation_aug
room service is barely fine,negative,negation_aug
hotel service is barely fine,negative,negation_aug
customer service is barely fine,negative,negation_aug
the service is barely fine,negative,negation_aug
staff is barely fine,negative,negation_aug
the staff is barely fine,negative,negation_aug
room is barely fine,negative,negation_aug
the room is barely fine,negative,negation_aug
wifi is barely fine,negative,negation_aug
the wifi is barely fine,negative,negation_aug
service is barely okay,negative,negation_aug
staff service is barely okay,negative,negation_aug
room service is barely okay,negative,negation_aug
hotel service is barely okay,negative,negation_aug
customer service is barely okay,negative,negation_aug
the service is barely okay,negative,negation_aug
staff is barely okay,negative,negation_aug
the staff is barely okay,negative,negation_aug
room is barely okay,negative,negation_aug
the room is barely okay,negative,negation_aug
wifi is barely okay,negative,negation_aug
the wifi is barely okay,negative,negation_aug
the service was good.,positive,positive_aug
the service was not good.,negative,negation_flip
the service was not too good.,negative,negation_flip
the service was not very good.,negative,negation_flip
the service was not so good.,negative,negation_flip
the service was never good.,negative,negation_flip
the service was great.,positive,positive_aug
the service was not great.,negative,negation_flip
the service was not too great.,negative,negation_flip
the service was not very great.,negative,negation_flip
the service was not so great.,negative,negation_flip
the service was never great.,negative,negation_flip
the service was nice.,positive,positive_aug
the service was not nice.,negative,negation_flip
the service was not too nice.,negative,negation_flip
the service was not very nice.,negative,negation_flip
the service was not so nice.,negative,negation_flip
the service was never nice.,negative,negation_flip
the service was clean.,positive,positive_aug
the service was not clean.,negative,negation_flip
the service was not too clean.,negative,negation_flip
the service was not very clean.,negative,negation_flip
the service was not so clean.,negative,negation_flip
the service was never clean.,negative,negation_flip
the service was helpful.,positive,positive_aug
the service was not helpful.,negative,negation_flip
the service was not too helpful.,negative,negation_flip
the service was not very helpful.,negative,negation_flip
the service was not so helpful.,negative,negation_flip
the service was never helpful.,negative,negation_flip
the service was friendly.,positive,positive_aug
the service was not friendly.,negative,negation_flip
the service was not too friendly.,negative,negation_flip
the service was not very friendly.,negative,negation_flip
the service was not so friendly.,negative,negation_flip
the service was never friendly.,negative,negation_flip
the service was comfortable.,positive,positive_aug
the service was not comfortable.,negative,negation_flip
the service was not too comfortable.,negative,negation_flip
the service was not very comfortable.,negative,negation_flip
the service was not so comfortable.,negative,negation_flip
the service was never comfortable.,negative,negation_flip
the service was excellent.,positive,positive_aug
the service was not excellent.,negative,negation_flip
the service was not too excellent.,negative,negation_flip
the service was not very excellent.,negative,negation_flip
the service was not so excellent.,negative,negation_flip
the service was never excellent.,negative,negation_flip
the staff service was good.,positive,positive_aug
the staff service was not good.,negative,negation_flip
the staff service was not too good.,negative,negation_flip
the staff service was not very good.,negative,negation_flip
the staff service was not so good.,negative,negation_flip
the staff service was never good.,negative,negation_flip
the staff service was great.,positive,positive_aug
the staff service was not great.,negative,negation_flip
the staff service was not too great.,negative,negation_flip
the staff service was not very great.,negative,negation_flip
the staff service was not so great.,negative,negation_flip
the staff service was never great.,negative,negation_flip
the staff service was nice.,positive,positive_aug
the staff service was not nice.,negative,negation_flip
the staff service was not too nice.,negative,negation_flip
the staff service was not very nice.,negative,negation_flip
the staff service was not so nice.,negative,negation_flip
the staff service was never nice.,negative,negation_flip
the staff service was clean.,positive,positive_aug
the staff service was not clean.,negative,negation_flip
the staff service was not too clean.,negative,negation_flip
the staff service was not very clean.,negative,negation_flip
the staff service was not so clean.,negative,negation_flip
the staff service was never clean.,negative,negation_flip
the staff service was helpful.,positive,positive_aug
the staff service was not helpful.,negative,negation_flip
the staff service was not too helpful.,negative,negation_flip
the staff service was not very helpful.,negative,negation_flip
the staff service was not so helpful.,negative,negation_flip
the staff service was never helpful.,negative,negation_flip
the staff service was friendly.,positive,positive_aug
the staff service was not friendly.,negative,negation_flip
the staff service was not too friendly.,negative,negation_flip
the staff service was not very friendly.,negative,negation_flip
the staff service was not so friendly.,negative,negation_flip
the staff service was never friendly.,negative,negation_flip
the staff service was comfortable.,positive,positive_aug
the staff service was not comfortable.,negative,negation_flip
the staff service was not too comfortable.,negative,negation_flip
the staff service was not very comfortable.,negative,negation_flip
the staff service was not so comfortable.,negative,negation_flip
the staff service was never comfortable.,negative,negation_flip
the staff service was excellent.,positive,positive_aug
the staff service was not excellent.,negative,negation_flip
the staff service was not too excellent.,negative,negation_flip
the staff service was not very excellent.,negative,negation_flip
the staff service was not so excellent.,negative,negation_flip
the staff service was never excellent.,negative,negation_flip
the room service was good.,positive,positive_aug
the room service was not good.,negative,negation_flip
the room service was not too good.,negative,negation_flip
the room service was not very good.,negative,negation_flip
the room service was not so good.,negative,negation_flip
the room service was never good.,negative,negation_flip
the room service was great.,positive,positive_aug
the room service was not great.,negative,negation_flip
the room service was not too great.,negative,negation_flip
the room service was not very great.,negative,negation_flip
the room service was not so great.,negative,negation_flip
the room service was never great.,negative,negation_flip
the room service was nice.,positive,positive_aug
the room service was not nice.,negative,negation_flip
the room service was not too nice.,negative,negation_flip
the room service was not very nice.,negative,negation_flip
the room service was not so nice.,negative,negation_flip
the room service was never nice.,negative,negation_flip
the room service was clean.,positive,positive_aug
the room service was not clean.,negative,negation_flip
the room service was not too clean.,negative,negation_flip
the room service was not very clean.,negative,negation_flip
the room service was not so clean.,negative,negation_flip
the room service was never clean.,negative,negation_flip
the room service was helpful.,positive,positive_aug
the room service was not helpful.,negative,negation_flip
the room service was not too helpful.,negative,negation_flip
the room service was not very helpful.,negative,negation_flip
the room service was not so helpful.,negative,negation_flip
the room service was never helpful.,negative,negation_flip
the room service was friendly.,positive,positive_aug
the room service was not friendly.,negative,negation_flip
the room service was not too friendly.,negative,negation_flip
the room service was not very friendly.,negative,negation_flip
the room service was not so friendly.,negative,negation_flip
the room service was never friendly.,negative,negation_flip
the room service was comfortable.,positive,positive_aug
the room service was not comfortable.,negative,negation_flip
the room service was not too comfortable.,negative,negation_flip
the room service was not very comfortable.,negative,negation_flip
the room service was not so comfortable.,negative,negation_flip
the room service was never comfortable.,negative,negation_flip
the room service was excellent.,positive,positive_aug
the room service was not excellent.,negative,negation_flip
the room service was not too excellent.,negative,negation_flip
the room service was not very excellent.,negative,negation_flip
the room service was not so excellent.,negative,negation_flip
the room service was never excellent.,negative,negation_flip
the hotel service was good.,positive,positive_aug
the hotel service was not good.,negative,negation_flip
the hotel service was not too good.,negative,negation_flip
the hotel service was not very good.,negative,negation_flip
the hotel service was not so good.,negative,negation_flip
the hotel service was never good.,negative,negation_flip
the hotel service was great.,positive,positive_aug
the hotel service was not great.,negative,negation_flip
the hotel service was not too great.,negative,negation_flip
the hotel service was not very great.,negative,negation_flip
the hotel service was not so great.,negative,negation_flip
the hotel service was never great.,negative,negation_flip
the hotel service was nice.,positive,positive_aug
the hotel service was not nice.,negative,negation_flip
the hotel service was not too nice.,negative,negation_flip
the hotel service was not very nice.,negative,negation_flip
the hotel service was not so nice.,negative,negation_flip
the hotel service was never nice.,negative,negation_flip
the hotel service was clean.,positive,positive_aug
the hotel service was not clean.,negative,negation_flip
the hotel service was not too clean.,negative,negation_flip
the hotel service was not very clean.,negative,negation_flip
the hotel service was not so clean.,negative,negation_flip
the hotel service was never clean.,negative,negation_flip
the hotel service was helpful.,positive,positive_aug
the hotel service was not helpful.,negative,negation_flip
the hotel service was not too helpful.,negative,negation_flip
the hotel service was not very helpful.,negative,negation_flip
the hotel service was not so helpful.,negative,negation_flip
the hotel service was never helpful.,negative,negation_flip
the hotel service was friendly.,positive,positive_aug
the hotel service was not friendly.,negative,negation_flip
the hotel service was not too friendly.,negative,negation_flip
the hotel service was not very friendly.,negative,negation_flip
the hotel service was not so friendly.,negative,negation_flip
the hotel service was never friendly.,negative,negation_flip
the hotel service was comfortable.,positive,positive_aug
the hotel service was not comfortable.,negative,negation_flip
the hotel service was not too comfortable.,negative,negation_flip
the hotel service was not very comfortable.,negative,negation_flip
the hotel service was not so comfortable.,negative,negation_flip
the hotel service was never comfortable.,negative,negation_flip
the hotel service was excellent.,positive,positive_aug
the hotel service was not excellent.,negative,negation_flip
the hotel service was not too excellent.,negative,negation_flip
the hotel service was not very excellent.,negative,negation_flip
the hotel service was not so excellent.,negative,negation_flip
the hotel service was never excellent.,negative,negation_flip
the customer service was good.,positive,positive_aug
the customer service was not good.,negative,negation_flip
the customer service was not too good.,negative,negation_flip
the customer service was not very good.,negative,negation_flip
the customer service was not so good.,negative,negation_flip
the customer service was never good.,negative,negation_flip
the customer service was great.,positive,positive_aug
the customer service was not great.,negative,negation_flip
the customer service was not too great.,negative,negation_flip
the customer service was not very great.,negative,negation_flip
the customer service was not so great.,negative,negation_flip
the customer service was never great.,negative,negation_flip
the customer service was nice.,positive,positive_aug
the customer service was not nice.,negative,negation_flip
the customer service was not too nice.,negative,negation_flip
the customer service was not very nice.,negative,negation_flip
the customer service was not so nice.,negative,negation_flip
the customer service was never nice.,negative,negation_flip
the customer service was clean.,positive,positive_aug
the customer service was not clean.,negative,negation_flip
the customer service was not too clean.,negative,negation_flip
the customer service was not very clean.,negative,negation_flip
the customer service was not so clean.,negative,negation_flip
the customer service was never clean.,negative,negation_flip
the customer service was helpful.,positive,positive_aug
the customer service was not helpful.,negative,negation_flip
the customer service was not too helpful.,negative,negation_flip
the customer service was not very helpful.,negative,negation_flip
the customer service was not so helpful.,negative,negation_flip
the customer service was never helpful.,negative,negation_flip
the customer service was friendly.,positive,positive_aug
the customer service was not friendly.,negative,negation_flip
the customer service was not too friendly.,negative,negation_flip
the customer service was not very friendly.,negative,negation_flip
the customer service was not so friendly.,negative,negation_flip
the customer service was never friendly.,negative,negation_flip
the customer service was comfortable.,positive,positive_aug
the customer service was not comfortable.,negative,negation_flip
the customer service was not too comfortable.,negative,negation_flip
the customer service was not very comfortable.,negative,negation_flip
the customer service was not so comfortable.,negative,negation_flip
the customer service was never comfortable.,negative,negation_flip
the customer service was excellent.,positive,positive_aug
the customer service was not excellent.,negative,negation_flip
the customer service was not too excellent.,negative,negation_flip
the customer service was not very excellent.,negative,negation_flip
the customer service was not so excellent.,negative,negation_flip
the customer service was never excellent.,negative,negation_flip
the the service was good.,positive,positive_aug
the the service was not good.,negative,negation_flip
the the service was not too good.,negative,negation_flip
the the service was not very good.,negative,negation_flip
the the service was not so good.,negative,negation_flip
the the service was never good.,negative,negation_flip
the the service was great.,positive,positive_aug
the the service was not great.,negative,negation_flip
the the service was not too great.,negative,negation_flip
the the service was not very great.,negative,negation_flip
the the service was not so great.,negative,negation_flip
the the service was never great.,negative,negation_flip
the the service was nice.,positive,positive_aug
the the service was not nice.,negative,negation_flip
the the service was not too nice.,negative,negation_flip
the the service was not very nice.,negative,negation_flip
the the service was not so nice.,negative,negation_flip
the the service was never nice.,negative,negation_flip
the the service was clean.,positive,positive_aug
the the service was not clean.,negative,negation_flip
the the service was not too clean.,negative,negation_flip
the the service was not very clean.,negative,negation_flip
the the service was not so clean.,negative,negation_flip
the the service was never clean.,negative,negation_flip
the the service was helpful.,positive,positive_aug
the the service was not helpful.,negative,negation_flip
the the service was not too helpful.,negative,negation_flip
the the service was not very helpful.,negative,negation_flip
the the service was not so helpful.,negative,negation_flip
the the service was never helpful.,negative,negation_flip
the the service was friendly.,positive,positive_aug
the the service was not friendly.,negative,negation_flip
the the service was not too friendly.,negative,negation_flip
the the service was not very friendly.,negative,negation_flip
the the service was not so friendly.,negative,negation_flip
the the service was never friendly.,negative,negation_flip
the the service was comfortable.,positive,positive_aug
the the service was not comfortable.,negative,negation_flip
the the service was not too comfortable.,negative,negation_flip
the the service was not very comfortable.,negative,negation_flip
the the service was not so comfortable.,negative,negation_flip
the the service was never comfortable.,negative,negation_flip
the the service was excellent.,positive,positive_aug
the the service was not excellent.,negative,negation_flip
the the service was not too excellent.,negative,negation_flip
the the service was not very excellent.,negative,negation_flip
the the service was not so excellent.,negative,negation_flip
the the service was never excellent.,negative,negation_flip
the staff was good.,positive,positive_aug
the staff was not good.,negative,negation_flip
the staff was not too good.,negative,negation_flip
the staff was not very good.,negative,negation_flip
the staff was not so good.,negative,negation_flip
the staff was never good.,negative,negation_flip
the staff was great.,positive,positive_aug
the staff was not great.,negative,negation_flip
the staff was not too great.,negative,negation_flip
the staff was not very great.,negative,negation_flip
the staff was not so great.,negative,negation_flip
the staff was never great.,negative,negation_flip
the staff was nice.,positive,positive_aug
the staff was not nice.,negative,negation_flip
the staff was not too nice.,negative,negation_flip
the staff was not very nice.,negative,negation_flip
the staff was not so nice.,negative,negation_flip
the staff was never nice.,negative,negation_flip
the staff was clean.,positive,positive_aug
the staff was not clean.,negative,negation_flip
the staff was not too clean.,negative,negation_flip
the staff was not very clean.,negative,negation_flip
the staff was not so clean.,negative,negation_flip
the staff was never clean.,negative,negation_flip
the staff was helpful.,positive,positive_aug
the staff was not helpful.,negative,negation_flip
the staff was not too helpful.,negative,negation_flip
the staff was not very helpful.,negative,negation_flip
the staff was not so helpful.,negative,negation_flip
the staff was never helpful.,negative,negation_flip
the staff was friendly.,positive,positive_aug
the staff was not friendly.,negative,negation_flip
the staff was not too friendly.,negative,negation_flip
the staff was not very friendly.,negative,negation_flip
the staff was not so friendly.,negative,negation_flip
the staff was never friendly.,negative,negation_flip
the staff was comfortable.,positive,positive_aug
the staff was not comfortable.,negative,negation_flip
the staff was not too comfortable.,negative,negation_flip
the staff was not very comfortable.,negative,negation_flip
the staff was not so comfortable.,negative,negation_flip
the staff was never comfortable.,negative,negation_flip
the staff was excellent.,positive,positive_aug
the staff was not excellent.,negative,negation_flip
the staff was not too excellent.,negative,negation_flip
the staff was not very excellent.,negative,negation_flip
the staff was not so excellent.,negative,negation_flip
the staff was never excellent.,negative,negation_flip
the the staff was good.,positive,positive_aug
the the staff was not good.,negative,negation_flip
the the staff was not too good.,negative,negation_flip
the the staff was not very good.,negative,negation_flip
the the staff was not so good.,negative,negation_flip
the the staff was never good.,negative,negation_flip
the the staff was great.,positive,positive_aug
the the staff was not great.,negative,negation_flip
the the staff was not too great.,negative,negation_flip
the the staff was not very great.,negative,negation_flip
the the staff was not so great.,negative,negation_flip
the the staff was never great.,negative,negation_flip
the the staff was nice.,positive,positive_aug
the the staff was not nice.,negative,negation_flip
the the staff was not too nice.,negative,negation_flip
the the staff was not very nice.,negative,negation_flip
the the staff was not so nice.,negative,negation_flip
the the staff was never nice.,negative,negation_flip
the the staff was clean.,positive,positive_aug
the the staff was not clean.,negative,negation_flip
the the staff was not too clean.,negative,negation_flip
the the staff was not very clean.,negative,negation_flip
the the staff was not so clean.,negative,negation_flip
the the staff was never clean.,negative,negation_flip
the the staff was helpful.,positive,positive_aug
the the staff was not helpful.,negative,negation_flip
the the staff was not too helpful.,negative,negation_flip
the the staff was not very helpful.,negative,negation_flip
the the staff was not so helpful.,negative,negation_flip
the the staff was never helpful.,negative,negation_flip
the the staff was friendly.,positive,positive_aug
the the staff was not friendly.,negative,negation_flip
the the staff was not too friendly.,negative,negation_flip
the the staff was not very friendly.,negative,negation_flip
the the staff was not so friendly.,negative,negation_flip
the the staff was never friendly.,negative,negation_flip
the the staff was comfortable.,positive,positive_aug
the the staff was not comfortable.,negative,negation_flip
the the staff was not too comfortable.,negative,negation_flip
the the staff was not very comfortable.,negative,negation_flip
the the staff was not so comfortable.,negative,negation_flip
the the staff was never comfortable.,negative,negation_flip
the the staff was excellent.,positive,positive_aug
the the staff was not excellent.,negative,negation_flip
the the staff was not too excellent.,negative,negation_flip
the the staff was not very excellent.,negative,negation_flip
the the staff was not so excellent.,negative,negation_flip
the the staff was never excellent.,negative,negation_flip
the room was good.,positive,positive_aug
the room was not good.,negative,negation_flip
the room was not too good.,negative,negation_flip
the room was not very good.,negative,negation_flip
the room was not so good.,negative,negation_flip
the room was never good.,negative,negation_flip
the room was great.,positive,positive_aug
the room was not great.,negative,negation_flip
the room was not too great.,negative,negation_flip
the room was not very great.,negative,negation_flip
the room was not so great.,negative,negation_flip
the room was never great.,negative,negation_flip
the room was nice.,positive,positive_aug
the room was not nice.,negative,negation_flip
the room was not too nice.,negative,negation_flip
the room was not very nice.,negative,negation_flip
the room was not so nice.,negative,negation_flip
the room was never nice.,negative,negation_flip
the room was clean.,positive,positive_aug
the room was not clean.,negative,negation_flip
the room was not too clean.,negative,negation_flip
the room was not very clean.,negative,negation_flip
the room was not so clean.,negative,negation_flip
the room was never clean.,negative,negation_flip
the room was helpful.,positive,positive_aug
the room was not helpful.,negative,negation_flip
the room was not too helpful.,negative,negation_flip
the room was not very helpful.,negative,negation_flip
the room was not so helpful.,negative,negation_flip
the room was never helpful.,negative,negation_flip
the room was friendly.,positive,positive_aug
the room was not friendly.,negative,negation_flip
the room was not too friendly.,negative,negation_flip
the room was not very friendly.,negative,negation_flip
the room was not so friendly.,negative,negation_flip
the room was never friendly.,negative,negation_flip
the room was comfortable.,positive,positive_aug
the room was not comfortable.,negative,negation_flip
the room was not too comfortable.,negative,negation_flip
the room was not very comfortable.,negative,negation_flip
the room was not so comfortable.,negative,negation_flip
the room was never comfortable.,negative,negation_flip
the room was excellent.,positive,positive_aug
the room was not excellent.,negative,negation_flip
the room was not too excellent.,negative,negation_flip
the room was not very excellent.,negative,negation_flip
the room was not so excellent.,negative,negation_flip
the room was never excellent.,negative,negation_flip
the the room was good.,positive,positive_aug
the the room was not good.,negative,negation_flip
the the room was not too good.,negative,negation_flip
the the room was not very good.,negative,negation_flip
the the room was not so good.,negative,negation_flip
the the room was never good.,negative,negation_flip
the the room was great.,positive,positive_aug
the the room was not great.,negative,negation_flip
the the room was not too great.,negative,negation_flip
the the room was not very great.,negative,negation_flip
the the room was not so great.,negative,negation_flip
the the room was never great.,negative,negation_flip
the the room was nice.,positive,positive_aug
the the room was not nice.,negative,negation_flip
the the room was not too nice.,negative,negation_flip
the the room was not very nice.,negative,negation_flip
the the room was not so nice.,negative,negation_flip
the the room was never nice.,negative,negation_flip
the the room was clean.,positive,positive_aug
the the room was not clean.,negative,negation_flip
the the room was not too clean.,negative,negation_flip
the the room was not very clean.,negative,negation_flip
the the room was not so clean.,negative,negation_flip
the the room was never clean.,negative,negation_flip
the the room was helpful.,positive,positive_aug
the the room was not helpful.,negative,negation_flip
the the room was not too helpful.,negative,negation_flip
the the room was not very helpful.,negative,negation_flip
the the room was not so helpful.,negative,negation_flip
the the room was never helpful.,negative,negation_flip
the the room was friendly.,positive,positive_aug
the the room was not friendly.,negative,negation_flip
the the room was not too friendly.,negative,negation_flip
the the room was not very friendly.,negative,negation_flip
the the room was not so friendly.,negative,negation_flip
the the room was never friendly.,negative,negation_flip
the the room was comfortable.,positive,positive_aug
the the room was not comfortable.,negative,negation_flip
the the room was not too comfortable.,negative,negation_flip
the the room was not very comfortable.,negative,negation_flip
the the room was not so comfortable.,negative,negation_flip
the the room was never comfortable.,negative,negation_flip
the the room was excellent.,positive,positive_aug
the the room was not excellent.,negative,negation_flip
the the room was not too excellent.,negative,negation_flip
the the room was not very excellent.,negative,negation_flip
the the room was not so excellent.,negative,negation_flip
the the room was never excellent.,negative,negation_flip
service was good.,positive,positive_aug
service was not good.,negative,negation_flip
service was not too good.,negative,negation_flip
service was not very good.,negative,negation_flip
service was not so good.,negative,negation_flip
service was never good.,negative,negation_flip
service was great.,positive,positive_aug
service was not great.,negative,negation_flip
service was not too great.,negative,negation_flip
service was not very great.,negative,negation_flip
service was not so great.,negative,negation_flip
service was never great.,negative,negation_flip
service was nice.,positive,positive_aug
service was not nice.,negative,negation_flip
service was not too nice.,negative,negation_flip
service was not very nice.,negative,negation_flip
service was not so nice.,negative,negation_flip
service was never nice.,negative,negation_flip
service was clean.,positive,positive_aug
service was not clean.,negative,negation_flip
service was not too clean.,negative,negation_flip
service was not very clean.,negative,negation_flip
service was not so clean.,negative,negation_flip
service was never clean.,negative,negation_flip
service was helpful.,positive,positive_aug
service was not helpful.,negative,negation_flip
service was not too helpful.,negative,negation_flip
service was not very helpful.,negative,negation_flip
service was not so helpful.,negative,negation_flip
service was never helpful.,negative,negation_flip
service was friendly.,positive,positive_aug
service was not friendly.,negative,negation_flip
service was not too friendly.,negative,negation_flip
service was not very friendly.,negative,negation_flip
service was not so friendly.,negative,negation_flip
service was never friendly.,negative,negation_flip
service was comfortable.,positive,positive_aug
service was not comfortable.,negative,negation_flip
service was not too comfortable.,negative,negation_flip
service was not very comfortable.,negative,negation_flip
service was not so comfortable.,negative,negation_flip
service was never comfortable.,negative,negation_flip
service was excellent.,positive,positive_aug
service was not excellent.,negative,negation_flip
service was not too excellent.,negative,negation_flip
service was not very excellent.,negative,negation_flip
service was not so excellent.,negative,negation_flip
service was never excellent.,negative,negation_flip
staff service was good.,positive,positive_aug
staff service was not good.,negative,negation_flip
staff service was not too good.,negative,negation_flip
staff service was not very good.,negative,negation_flip
staff service was not so good.,negative,negation_flip
staff service was never good.,negative,negation_flip
staff service was great.,positive,positive_aug
staff service was not great.,negative,negation_flip
staff service was not too great.,negative,negation_flip
staff service was not very great.,negative,negation_flip
staff service was not so great.,negative,negation_flip
staff service was never great.,negative,negation_flip
staff service was nice.,positive,positive_aug
staff service was not nice.,negative,negation_flip
staff service was not too nice.,negative,negation_flip
staff service was not very nice.,negative,negation_flip
staff service was not so nice.,negative,negation_flip
staff service was never nice.,negative,negation_flip
staff service was clean.,positive,positive_aug
staff service was not clean.,negative,negation_flip
staff service was not too clean.,negative,negation_flip
staff service was not very clean.,negative,negation_flip
staff service was not so clean.,negative,negation_flip
staff service was never clean.,negative,negation_flip
staff service was helpful.,positive,positive_aug
staff service was not helpful.,negative,negation_flip
staff service was not too helpful.,negative,negation_flip
staff service was not very helpful.,negative,negation_flip
staff service was not so helpful.,negative,negation_flip
staff service was never helpful.,negative,negation_flip
staff service was friendly.,positive,positive_aug
staff service was not friendly.,negative,negation_flip
staff service was not too friendly.,negative,negation_flip
staff service was not very friendly.,negative,negation_flip
staff service was not so friendly.,negative,negation_flip
staff service was never friendly.,negative,negation_flip
staff service was comfortable.,positive,positive_aug
staff service was not comfortable.,negative,negation_flip
staff service was not too comfortable.,negative,negation_flip
staff service was not very comfortable.,negative,negation_flip
staff service was not so comfortable.,negative,negation_flip
staff service was never comfortable.,negative,negation_flip
staff service was excellent.,positive,positive_aug
staff service was not excellent.,negative,negation_flip
staff service was not too excellent.,negative,negation_flip
staff service was not very excellent.,negative,negation_flip
staff service was not so excellent.,negative,negation_flip
staff service was never excellent.,negative,negation_flip
room service was good.,positive,positive_aug
room service was not good.,negative,negation_flip
room service was not too good.,negative,negation_flip
room service was not very good.,negative,negation_flip
room service was not so good.,negative,negation_flip
room service was never good.,negative,negation_flip
room service was great.,positive,positive_aug
room service was not great.,negative,negation_flip
room service was not too great.,negative,negation_flip
room service was not very great.,negative,negation_flip
room service was not so great.,negative,negation_flip
room service was never great.,negative,negation_flip
room service was nice.,positive,positive_aug
room service was not nice.,negative,negation_flip
room service was not too nice.,negative,negation_flip
room service was not very nice.,negative,negation_flip
room service was not so nice.,negative,negation_flip
room service was never nice.,negative,negation_flip
room service was clean.,positive,positive_aug
room service was not clean.,negative,negation_flip
room service was not too clean.,negative,negation_flip
room service was not very clean.,negative,negation_flip
room service was not so clean.,negative,negation_flip
room service was never clean.,negative,negation_flip
room service was helpful.,positive,positive_aug
room service was not helpful.,negative,negation_flip
room service was not too helpful.,negative,negation_flip
room service was not very helpful.,negative,negation_flip
room service was not so helpful.,negative,negation_flip
room service was never helpful.,negative,negation_flip
room service was friendly.,positive,positive_aug
room service was not friendly.,negative,negation_flip
room service was not too friendly.,negative,negation_flip
room service was not very friendly.,negative,negation_flip
room service was not so friendly.,negative,negation_flip
room service was never friendly.,negative,negation_flip
room service was comfortable.,positive,positive_aug
room service was not comfortable.,negative,negation_flip
room service was not too comfortable.,negative,negation_flip
room service was not very comfortable.,negative,negation_flip
room service was not so comfortable.,negative,negation_flip
room service was never comfortable.,negative,negation_flip
room service was excellent.,positive,positive_aug
room service was not excellent.,negative,negation_flip
room service was not too excellent.,negative,negation_flip
room service was not very excellent.,negative,negation_flip
room service was not so excellent.,negative,negation_flip
room service was never excellent.,negative,negation_flip
hotel service was good.,positive,positive_aug
hotel service was not good.,negative,negation_flip
hotel service was not too good.,negative,negation_flip
hotel service was not very good.,negative,negation_flip
hotel service was not so good.,negative,negation_flip
hotel service was never good.,negative,negation_flip
hotel service was great.,positive,positive_aug
hotel service was not great.,negative,negation_flip
hotel service was not too great.,negative,negation_flip
hotel service was not very great.,negative,negation_flip
hotel service was not so great.,negative,negation_flip
hotel service was never great.,negative,negation_flip
hotel service was nice.,positive,positive_aug
hotel service was not nice.,negative,negation_flip
hotel service was not too nice.,negative,negation_flip
hotel service was not very nice.,negative,negation_flip
hotel service was not so nice.,negative,negation_flip
hotel service was never nice.,negative,negation_flip
hotel service was clean.,positive,positive_aug
hotel service was not clean.,negative,negation_flip
hotel service was not too clean.,negative,negation_flip
hotel service was not very clean.,negative,negation_flip
hotel service was not so clean.,negative,negation_flip
hotel service was never clean.,negative,negation_flip
hotel service was helpful.,positive,positive_aug
hotel service was not helpful.,negative,negation_flip
hotel service was not too helpful.,negative,negation_flip
hotel service was not very helpful.,negative,negation_flip
hotel service was not so helpful.,negative,negation_flip
hotel service was never helpful.,negative,negation_flip
hotel service was friendly.,positive,positive_aug
hotel service was not friendly.,negative,negation_flip
hotel service was not too friendly.,negative,negation_flip
hotel service was not very friendly.,negative,negation_flip
hotel service was not so friendly.,negative,negation_flip
hotel service was never friendly.,negative,negation_flip
hotel service was comfortable.,positive,positive_aug
hotel service was not comfortable.,negative,negation_flip
hotel service was not too comfortable.,negative,negation_flip
hotel service was not very comfortable.,negative,negation_flip
hotel service was not so comfortable.,negative,negation_flip
hotel service was never comfortable.,negative,negation_flip
hotel service was excellent.,positive,positive_aug
hotel service was not excellent.,negative,negation_flip
hotel service was not too excellent.,negative,negation_flip
hotel service was not very excellent.,negative,negation_flip
hotel service was not so excellent.,negative,negation_flip
hotel service was never excellent.,negative,negation_flip
customer service was good.,positive,positive_aug
customer service was not good.,negative,negation_flip
customer service was not too good.,negative,negation_flip
customer service was not very good.,negative,negation_flip
customer service was not so good.,negative,negation_flip
customer service was never good.,negative,negation_flip
customer service was great.,positive,positive_aug
customer service was not great.,negative,negation_flip
customer service was not too great.,negative,negation_flip
customer service was not very great.,negative,negation_flip
customer service was not so great.,negative,negation_flip
customer service was never great.,negative,negation_flip
customer service was nice.,positive,positive_aug
customer service was not nice.,negative,negation_flip
customer service was not too nice.,negative,negation_flip
customer service was not very nice.,negative,negation_flip
customer service was not so nice.,negative,negation_flip
customer service was never nice.,negative,negation_flip
customer service was clean.,positive,positive_aug
customer service was not clean.,negative,negation_flip
customer service was not too clean.,negative,negation_flip
customer service was not very clean.,negative,negation_flip
customer service was not so clean.,negative,negation_flip
customer service was never clean.,negative,negation_flip
customer service was helpful.,positive,positive_aug
customer service was not helpful.,negative,negation_flip
customer service was not too helpful.,negative,negation_flip
customer service was not very helpful.,negative,negation_flip
customer service was not so helpful.,negative,negation_flip
customer service was never helpful.,negative,negation_flip
customer service was friendly.,positive,positive_aug
customer service was not friendly.,negative,negation_flip
customer service was not too friendly.,negative,negation_flip
customer service was not very friendly.,negative,negation_flip
customer service was not so friendly.,negative,negation_flip
customer service was never friendly.,negative,negation_flip
customer service was comfortable.,positive,positive_aug
customer service was not comfortable.,negative,negation_flip
customer service was not too comfortable.,negative,negation_flip
customer service was not very comfortable.,negative,negation_flip
customer service was not so comfortable.,negative,negation_flip
customer service was never comfortable.,negative,negation_flip
customer service was excellent.,positive,positive_aug
customer service was not excellent.,negative,negation_flip
customer service was not too excellent.,negative,negation_flip
customer service was not very excellent.,negative,negation_flip
customer service was not so excellent.,negative,negation_flip
customer service was never excellent.,negative,negation_flip
the service was good.,positive,positive_aug
the service was not good.,negative,negation_flip
the service was not too good.,negative,negation_flip
the service was not very good.,negative,negation_flip
the service was not so good.,negative,negation_flip
the service was never good.,negative,negation_flip
the service was great.,positive,positive_aug
the service was not great.,negative,negation_flip
the service was not too great.,negative,negation_flip
the service was not very great.,negative,negation_flip
the service was not so great.,negative,negation_flip
the service was never great.,negative,negation_flip
the service was nice.,positive,positive_aug
the service was not nice.,negative,negation_flip
the service was not too nice.,negative,negation_flip
the service was not very nice.,negative,negation_flip
the service was not so nice.,negative,negation_flip
the service was never nice.,negative,negation_flip
the service was clean.,positive,positive_aug
the service was not clean.,negative,negation_flip
the service was not too clean.,negative,negation_flip
the service was not very clean.,negative,negation_flip
the service was not so clean.,negative,negation_flip
the service was never clean.,negative,negation_flip
the service was helpful.,positive,positive_aug
the service was not helpful.,negative,negation_flip
the service was not too helpful.,negative,negation_flip
the service was not very helpful.,negative,negation_flip
the service was not so helpful.,negative,negation_flip
the service was never helpful.,negative,negation_flip
the service was friendly.,positive,positive_aug
the service was not friendly.,negative,negation_flip
the service was not too friendly.,negative,negation_flip
the service was not very friendly.,negative,negation_flip
the service was not so friendly.,negative,negation_flip
the service was never friendly.,negative,negation_flip
the service was comfortable.,positive,positive_aug
the service was not comfortable.,negative,negation_flip
the service was not too comfortable.,negative,negation_flip
the service was not very comfortable.,negative,negation_flip
the service was not so comfortable.,negative,negation_flip
the service was never comfortable.,negative,negation_flip
the service was excellent.,positive,positive_aug
the service was not excellent.,negative,negation_flip
the service was not too excellent.,negative,negation_flip
the service was not very excellent.,negative,negation_flip
the service was not so excellent.,negative,negation_flip
the service was never excellent.,negative,negation_flip
staff was good.,positive,positive_aug
staff was not good.,negative,negation_flip
staff was not too good.,negative,negation_flip
staff was not very good.,negative,negation_flip
staff was not so good.,negative,negation_flip
staff was never good.,negative,negation_flip
staff was great.,positive,positive_aug
staff was not great.,negative,negation_flip
staff was not too great.,negative,negation_flip
staff was not very great.,negative,negation_flip
staff was not so great.,negative,negation_flip
staff was never great.,negative,negation_flip
staff was nice.,positive,positive_aug
staff was not nice.,negative,negation_flip
staff was not too nice.,negative,negation_flip
staff was not very nice.,negative,negation_flip
staff was not so nice.,negative,negation_flip
staff was never nice.,negative,negation_flip
staff was clean.,positive,positive_aug
staff was not clean.,negative,negation_flip
staff was not too clean.,negative,negation_flip
staff was not very clean.,negative,negation_flip
staff was not so clean.,negative,negation_flip
staff was never clean.,negative,negation_flip
staff was helpful.,positive,positive_aug
staff was not helpful.,negative,negation_flip
staff was not too helpful.,negative,negation_flip
staff was not very helpful.,negative,negation_flip
staff was not so helpful.,negative,negation_flip
staff was never helpful.,negative,negation_flip
staff was friendly.,positive,positive_aug
staff was not friendly.,negative,negation_flip
staff was not too friendly.,negative,negation_flip
staff was not very friendly.,negative,negation_flip
staff was not so friendly.,negative,negation_flip
staff was never friendly.,negative,negation_flip
staff was comfortable.,positive,positive_aug
staff was not comfortable.,negative,negation_flip
staff was not too comfortable.,negative,negation_flip
staff was not very comfortable.,negative,negation_flip
staff was not so comfortable.,negative,negation_flip
staff was never comfortable.,negative,negation_flip
staff was excellent.,positive,positive_aug
staff was not excellent.,negative,negation_flip
staff was not too excellent.,negative,negation_flip
staff was not very excellent.,negative,negation_flip
staff was not so excellent.,negative,negation_flip
staff was never excellent.,negative,negation_flip
the staff was good.,positive,positive_aug
the staff was not good.,negative,negation_flip
the staff was not too good.,negative,negation_flip
the staff was not very good.,negative,negation_flip
the staff was not so good.,negative,negation_flip
the staff was never good.,negative,negation_flip
the staff was great.,positive,positive_aug
the staff was not great.,negative,negation_flip
the staff was not too great.,negative,negation_flip
the staff was not very great.,negative,negation_flip
the staff was not so great.,negative,negation_flip
the staff was never great.,negative,negation_flip
the staff was nice.,positive,positive_aug
the staff was not nice.,negative,negation_flip
the staff was not too nice.,negative,negation_flip
the staff was not very nice.,negative,negation_flip
the staff was not so nice.,negative,negation_flip
the staff was never nice.,negative,negation_flip
the staff was clean.,positive,positive_aug
the staff was not clean.,negative,negation_flip
the staff was not too clean.,negative,negation_flip
the staff was not very clean.,negative,negation_flip
the staff was not so clean.,negative,negation_flip
the staff was never clean.,negative,negation_flip
the staff was helpful.,positive,positive_aug
the staff was not helpful.,negative,negation_flip
the staff was not too helpful.,negative,negation_flip
the staff was not very helpful.,negative,negation_flip
the staff was not so helpful.,negative,negation_flip
the staff was never helpful.,negative,negation_flip
the staff was friendly.,positive,positive_aug
the staff was not friendly.,negative,negation_flip
the staff was not too friendly.,negative,negation_flip
the staff was not very friendly.,negative,negation_flip
the staff was not so friendly.,negative,negation_flip
the staff was never friendly.,negative,negation_flip
the staff was comfortable.,positive,positive_aug
the staff was not comfortable.,negative,negation_flip
the staff was not too comfortable.,negative,negation_flip
the staff was not very comfortable.,negative,negation_flip
the staff was not so comfortable.,negative,negation_flip
the staff was never comfortable.,negative,negation_flip
the staff was excellent.,positive,positive_aug
the staff was not excellent.,negative,negation_flip
the staff was not too excellent.,negative,negation_flip
the staff was not very excellent.,negative,negation_flip
the staff was not so excellent.,negative,negation_flip
the staff was never excellent.,negative,negation_flip
room was good.,positive,positive_aug
room was not good.,negative,negation_flip
room was not too good.,negative,negation_flip
room was not very good.,negative,negation_flip
room was not so good.,negative,negation_flip
room was never good.,negative,negation_flip
room was great.,positive,positive_aug
room was not great.,negative,negation_flip
room was not too great.,negative,negation_flip
room was not very great.,negative,negation_flip
room was not so great.,negative,negation_flip
room was never great.,negative,negation_flip
room was nice.,positive,positive_aug
room was not nice.,negative,negation_flip
room was not too nice.,negative,negation_flip
room was not very nice.,negative,negation_flip
room was not so nice.,negative,negation_flip
room was never nice.,negative,negation_flip
room was clean.,positive,positive_aug
room was not clean.,negative,negation_flip
room was not too clean.,negative,negation_flip
room was not very clean.,negative,negation_flip
room was not so clean.,negative,negation_flip
room was never clean.,negative,negation_flip
room was helpful.,positive,positive_aug
room was not helpful.,negative,negation_flip
room was not too helpful.,negative,negation_flip
room was not very helpful.,negative,negation_flip
room was not so helpful.,negative,negation_flip
room was never helpful.,negative,negation_flip
room was friendly.,positive,positive_aug
room was not friendly.,negative,negation_flip
room was not too friendly.,negative,negation_flip
room was not very friendly.,negative,negation_flip
room was not so friendly.,negative,negation_flip
room was never friendly.,negative,negation_flip
room was comfortable.,positive,positive_aug
room was not comfortable.,negative,negation_flip
room was not too comfortable.,negative,negation_flip
room was not very comfortable.,negative,negation_flip
room was not so comfortable.,negative,negation_flip
room was never comfortable.,negative,negation_flip
room was excellent.,positive,positive_aug
room was not excellent.,negative,negation_flip
room was not too excellent.,negative,negation_flip
room was not very excellent.,negative,negation_flip
room was not so excellent.,negative,negation_flip
room was never excellent.,negative,negation_flip
the room was good.,positive,positive_aug
the room was not good.,negative,negation_flip
the room was not too good.,negative,negation_flip
the room was not very good.,negative,negation_flip
the room was not so good.,negative,negation_flip
the room was never good.,negative,negation_flip
the room was great.,positive,positive_aug
the room was not great.,negative,negation_flip
the room was not too great.,negative,negation_flip
the room was not very great.,negative,negation_flip
the room was not so great.,negative,negation_flip
the room was never great.,negative,negation_flip
the room was nice.,positive,positive_aug
the room was not nice.,negative,negation_flip
the room was not too nice.,negative,negation_flip
the room was not very nice.,negative,negation_flip
the room was not so nice.,negative,negation_flip
the room was never nice.,negative,negation_flip
the room was clean.,positive,positive_aug
the room was not clean.,negative,negation_flip
the room was not too clean.,negative,negation_flip
the room was not very clean.,negative,negation_flip
the room was not so clean.,negative,negation_flip
the room was never clean.,negative,negation_flip
the room was helpful.,positive,positive_aug
the room was not helpful.,negative,negation_flip
the room was not too helpful.,negative,negation_flip
the room was not very helpful.,negative,negation_flip
the room was not so helpful.,negative,negation_flip
the room was never helpful.,negative,negation_flip
the room was friendly.,positive,positive_aug
the room was not friendly.,negative,negation_flip
the room was not too friendly.,negative,negation_flip
the room was not very friendly.,negative,negation_flip
the room was not so friendly.,negative,negation_flip
the room was never friendly.,negative,negation_flip
the room was comfortable.,positive,positive_aug
the room was not comfortable.,negative,negation_flip
the room was not too comfortable.,negative,negation_flip
the room was not very comfortable.,negative,negation_flip
the room was not so comfortable.,negative,negation_flip
the room was never comfortable.,negative,negation_flip
the room was excellent.,positive,positive_aug
the room was not excellent.,negative,negation_flip
the room was not too excellent.,negative,negation_flip
the room was not very excellent.,negative,negation_flip
the room was not so excellent.,negative,negation_flip
the room was never excellent.,negative,negation_flip
very good service.,positive,positive_aug
very not good service.,negative,negation_flip
very not too good service.,negative,negation_flip
very not very good service.,negative,negation_flip
very not so good service.,negative,negation_flip
very never good service.,negative,negation_flip
very great service.,positive,positive_aug
very not great service.,negative,negation_flip
very not too great service.,negative,negation_flip
very not very great service.,negative,negation_flip
very not so great service.,negative,negation_flip
very never great service.,negative,negation_flip
very nice service.,positive,positive_aug
very not nice service.,negative,negation_flip
very not too nice service.,negative,negation_flip
very not very nice service.,negative,negation_flip
very not so nice service.,negative,negation_flip
very never nice service.,negative,negation_flip
very clean service.,positive,positive_aug
very not clean service.,negative,negation_flip
very not too clean service.,negative,negation_flip
very not very clean service.,negative,negation_flip
very not so clean service.,negative,negation_flip
very never clean service.,negative,negation_flip
very helpful service.,positive,positive_aug
very not helpful service.,negative,negation_flip
very not too helpful service.,negative,negation_flip
very not very helpful service.,negative,negation_flip
very not so helpful service.,negative,negation_flip
very never helpful service.,negative,negation_flip
very friendly service.,positive,positive_aug
very not friendly service.,negative,negation_flip
very not too friendly service.,negative,negation_flip
very not very friendly service.,negative,negation_flip
very not so friendly service.,negative,negation_flip
very never friendly service.,negative,negation_flip
very comfortable service.,positive,positive_aug
very not comfortable service.,negative,negation_flip
very not too comfortable service.,negative,negation_flip
very not very comfortable service.,negative,negation_flip
very not so comfortable service.,negative,negation_flip
very never comfortable service.,negative,negation_flip
very excellent service.,positive,positive_aug
very not excellent service.,negative,negation_flip
very not too excellent service.,negative,negation_flip
very not very excellent service.,negative,negation_flip
very not so excellent service.,negative,negation_flip
very never excellent service.,negative,negation_flip
very good staff service.,positive,positive_aug
very not good staff service.,negative,negation_flip
very not too good staff service.,negative,negation_flip
very not very good staff service.,negative,negation_flip
very not so good staff service.,negative,negation_flip
very never good staff service.,negative,negation_flip
very great staff service.,positive,positive_aug
very not great staff service.,negative,negation_flip
very not too great staff service.,negative,negation_flip
very not very great staff service.,negative,negation_flip
very not so great staff service.,negative,negation_flip
very never great staff service.,negative,negation_flip
very nice staff service.,positive,positive_aug
very not nice staff service.,negative,negation_flip
very not too nice staff service.,negative,negation_flip
very not very nice staff service.,negative,negation_flip
very not so nice staff service.,negative,negation_flip
very never nice staff service.,negative,negation_flip
very clean staff service.,positive,positive_aug
very not clean staff service.,negative,negation_flip
very not too clean staff service.,negative,negation_flip
very not very clean staff service.,negative,negation_flip
very not so clean staff service.,negative,negation_flip
very never clean staff service.,negative,negation_flip
very helpful staff service.,positive,positive_aug
very not helpful staff service.,negative,negation_flip
very not too helpful staff service.,negative,negation_flip
very not very helpful staff service.,negative,negation_flip
very not so helpful staff service.,negative,negation_flip
very never helpful staff service.,negative,negation_flip
very friendly staff service.,positive,positive_aug
very not friendly staff service.,negative,negation_flip
very not too friendly staff service.,negative,negation_flip
very not very friendly staff service.,negative,negation_flip
very not so friendly staff service.,negative,negation_flip
very never friendly staff service.,negative,negation_flip
very comfortable staff service.,positive,positive_aug
very not comfortable staff service.,negative,negation_flip
very not too comfortable staff service.,negative,negation_flip
very not very comfortable staff service.,negative,negation_flip
very not so comfortable staff service.,negative,negation_flip
very never comfortable staff service.,negative,negation_flip
very excellent staff service.,positive,positive_aug
very not excellent staff service.,negative,negation_flip
very not too excellent staff service.,negative,negation_flip
very not very excellent staff service.,negative,negation_flip
very not so excellent staff service.,negative,negation_flip
very never excellent staff service.,negative,negation_flip
very good room service.,positive,positive_aug
very not good room service.,negative,negation_flip
very not too good room service.,negative,negation_flip
very not very good room service.,negative,negation_flip
very not so good room service.,negative,negation_flip
very never good room service.,negative,negation_flip
very great room service.,positive,positive_aug
very not great room service.,negative,negation_flip
very not too great room service.,negative,negation_flip
very not very great room service.,negative,negation_flip
very not so great room service.,negative,negation_flip
very never great room service.,negative,negation_flip
very nice room service.,positive,positive_aug
very not nice room service.,negative,negation_flip
very not too nice room service.,negative,negation_flip
very not very nice room service.,negative,negation_flip
very not so nice room service.,negative,negation_flip
very never nice room service.,negative,negation_flip
very clean room service.,positive,positive_aug
very not clean room service.,negative,negation_flip
very not too clean room service.,negative,negation_flip
very not very clean room service.,negative,negation_flip
very not so clean room service.,negative,negation_flip
very never clean room service.,negative,negation_flip
very helpful room service.,positive,positive_aug
very not helpful room service.,negative,negation_flip
very not too helpful room service.,negative,negation_flip
very not very helpful room service.,negative,negation_flip
very not so helpful room service.,negative,negation_flip
very never helpful room service.,negative,negation_flip
very friendly room service.,positive,positive_aug
very not friendly room service.,negative,negation_flip
very not too friendly room service.,negative,negation_flip
very not very friendly room service.,negative,negation_flip
very not so friendly room service.,negative,negation_flip
very never friendly room service.,negative,negation_flip
very comfortable room service.,positive,positive_aug
very not comfortable room service.,negative,negation_flip
very not too comfortable room service.,negative,negation_flip
very not very comfortable room service.,negative,negation_flip
very not so comfortable room service.,negative,negation_flip
very never comfortable room service.,negative,negation_flip
very excellent room service.,positive,positive_aug
very not excellent room service.,negative,negation_flip
very not too excellent room service.,negative,negation_flip
very not very excellent room service.,negative,negation_flip
very not so excellent room service.,negative,negation_flip
very never excellent room service.,negative,negation_flip
very good hotel service.,positive,positive_aug
very not good hotel service.,negative,negation_flip
very not too good hotel service.,negative,negation_flip
very not very good hotel service.,negative,negation_flip
very not so good hotel service.,negative,negation_flip
very never good hotel service.,negative,negation_flip
very great hotel service.,positive,positive_aug
very not great hotel service.,negative,negation_flip
very not too great hotel service.,negative,negation_flip
very not very great hotel service.,negative,negation_flip
very not so great hotel service.,negative,negation_flip
very never great hotel service.,negative,negation_flip
very nice hotel service.,positive,positive_aug
very not nice hotel service.,negative,negation_flip
very not too nice hotel service.,negative,negation_flip
very not very nice hotel service.,negative,negation_flip
very not so nice hotel service.,negative,negation_flip
very never nice hotel service.,negative,negation_flip
very clean hotel service.,positive,positive_aug
very not clean hotel service.,negative,negation_flip
very not too clean hotel service.,negative,negation_flip
very not very clean hotel service.,negative,negation_flip
very not so clean hotel service.,negative,negation_flip
very never clean hotel service.,negative,negation_flip
very helpful hotel service.,positive,positive_aug
very not helpful hotel service.,negative,negation_flip
very not too helpful hotel service.,negative,negation_flip
very not very helpful hotel service.,negative,negation_flip
very not so helpful hotel service.,negative,negation_flip
very never helpful hotel service.,negative,negation_flip
very friendly hotel service.,positive,positive_aug
very not friendly hotel service.,negative,negation_flip
very not too friendly hotel service.,negative,negation_flip
very not very friendly hotel service.,negative,negation_flip
very not so friendly hotel service.,negative,negation_flip
very never friendly hotel service.,negative,negation_flip
very comfortable hotel service.,positive,positive_aug
very not comfortable hotel service.,negative,negation_flip
very not too comfortable hotel service.,negative,negation_flip
very not very comfortable hotel service.,negative,negation_flip
very not so comfortable hotel service.,negative,negation_flip
very never comfortable hotel service.,negative,negation_flip
very excellent hotel service.,positive,positive_aug
very not excellent hotel service.,negative,negation_flip
very not too excellent hotel service.,negative,negation_flip
very not very excellent hotel service.,negative,negation_flip
very not so excellent hotel service.,negative,negation_flip
very never excellent hotel service.,negative,negation_flip
very good customer service.,positive,positive_aug
very not good customer service.,negative,negation_flip
very not too good customer service.,negative,negation_flip
very not very good customer service.,negative,negation_flip
very not so good customer service.,negative,negation_flip
very never good customer service.,negative,negation_flip
very great customer service.,positive,positive_aug
very not great customer service.,negative,negation_flip
very not too great customer service.,negative,negation_flip
very not very great customer service.,negative,negation_flip
very not so great customer service.,negative,negation_flip
very never great customer service.,negative,negation_flip
very nice customer service.,positive,positive_aug
very not nice customer service.,negative,negation_flip
very not too nice customer service.,negative,negation_flip
very not very nice customer service.,negative,negation_flip
very not so nice customer service.,negative,negation_flip
very never nice customer service.,negative,negation_flip
very clean customer service.,positive,positive_aug
very not clean customer service.,negative,negation_flip
very not too clean customer service.,negative,negation_flip
very not very clean customer service.,negative,negation_flip
very not so clean customer service.,negative,negation_flip
very never clean customer service.,negative,negation_flip
very helpful customer service.,positive,positive_aug
very not helpful customer service.,negative,negation_flip
very not too helpful customer service.,negative,negation_flip
very not very helpful customer service.,negative,negation_flip
very not so helpful customer service.,negative,negation_flip
very never helpful customer service.,negative,negation_flip
very friendly customer service.,positive,positive_aug
very not friendly customer service.,negative,negation_flip
very not too friendly customer service.,negative,negation_flip
very not very friendly customer service.,negative,negation_flip
very not so friendly customer service.,negative,negation_flip
very never friendly customer service.,negative,negation_flip
very comfortable customer service.,positive,positive_aug
very not comfortable customer service.,negative,negation_flip
very not too comfortable customer service.,negative,negation_flip
very not very comfortable customer service.,negative,negation_flip
very not so comfortable customer service.,negative,negation_flip
very never comfortable customer service.,negative,negation_flip
very excellent customer service.,positive,positive_aug
very not excellent customer service.,negative,negation_flip
very not too excellent customer service.,negative,negation_flip
very not very excellent customer service.,negative,negation_flip
very not so excellent customer service.,negative,negation_flip
very never excellent customer service.,negative,negation_flip
very good the service.,positive,positive_aug
very not good the service.,negative,negation_flip
very not too good the service.,negative,negation_flip
very not very good the service.,negative,negation_flip
very not so good the service.,negative,negation_flip
very never good the service.,negative,negation_flip
very great the service.,positive,positive_aug
very not great the service.,negative,negation_flip
very not too great the service.,negative,negation_flip
very not very great the service.,negative,negation_flip
very not so great the service.,negative,negation_flip
very never great the service.,negative,negation_flip
very nice the service.,positive,positive_aug
very not nice the service.,negative,negation_flip
very not too nice the service.,negative,negation_flip
very not very nice the service.,negative,negation_flip
very not so nice the service.,negative,negation_flip
very never nice the service.,negative,negation_flip
very clean the service.,positive,positive_aug
very not clean the service.,negative,negation_flip
very not too clean the service.,negative,negation_flip
very not very clean the service.,negative,negation_flip
very not so clean the service.,negative,negation_flip
very never clean the service.,negative,negation_flip
very helpful the service.,positive,positive_aug
very not helpful the service.,negative,negation_flip
very not too helpful the service.,negative,negation_flip
very not very helpful the service.,negative,negation_flip
very not so helpful the service.,negative,negation_flip
very never helpful the service.,negative,negation_flip
very friendly the service.,positive,positive_aug
very not friendly the service.,negative,negation_flip
very not too friendly the service.,negative,negation_flip
very not very friendly the service.,negative,negation_flip
very not so friendly the service.,negative,negation_flip
very never friendly the service.,negative,negation_flip
very comfortable the service.,positive,positive_aug
very not comfortable the service.,negative,negation_flip
very not too comfortable the service.,negative,negation_flip
very not very comfortable the service.,negative,negation_flip
very not so comfortable the service.,negative,negation_flip
very never comfortable the service.,negative,negation_flip
very excellent the service.,positive,positive_aug
very not excellent the service.,negative,negation_flip
very not too excellent the service.,negative,negation_flip
very not very excellent the service.,negative,negation_flip
very not so excellent the service.,negative,negation_flip
very never excellent the service.,negative,negation_flip
very good staff.,positive,positive_aug
very not good staff.,negative,negation_flip
very not too good staff.,negative,negation_flip
very not very good staff.,negative,negation_flip
very not so good staff.,negative,negation_flip
very never good staff.,negative,negation_flip
very great staff.,positive,positive_aug
very not great staff.,negative,negation_flip
very not too great staff.,negative,negation_flip
very not very great staff.,negative,negation_flip
very not so great staff.,negative,negation_flip
very never great staff.,negative,negation_flip
very nice staff.,positive,positive_aug
very not nice staff.,negative,negation_flip
very not too nice staff.,negative,negation_flip
very not very nice staff.,negative,negation_flip
very not so nice staff.,negative,negation_flip
very never nice staff.,negative,negation_flip
very clean staff.,positive,positive_aug
very not clean staff.,negative,negation_flip
very not too clean staff.,negative,negation_flip
very not very clean staff.,negative,negation_flip
very not so clean staff.,negative,negation_flip
very never clean staff.,negative,negation_flip
very helpful staff.,positive,positive_aug
very not helpful staff.,negative,negation_flip
very not too helpful staff.,negative,negation_flip
very not very helpful staff.,negative,negation_flip
very not so helpful staff.,negative,negation_flip
very never helpful staff.,negative,negation_flip
very friendly staff.,positive,positive_aug
very not friendly staff.,negative,negation_flip
very not too friendly staff.,negative,negation_flip
very not very friendly staff.,negative,negation_flip
very not so friendly staff.,negative,negation_flip
very never friendly staff.,negative,negation_flip
very comfortable staff.,positive,positive_aug
very not comfortable staff.,negative,negation_flip
very not too comfortable staff.,negative,negation_flip
very not very comfortable staff.,negative,negation_flip
very not so comfortable staff.,negative,negation_flip
very never comfortable staff.,negative,negation_flip
very excellent staff.,positive,positive_aug
very not excellent staff.,negative,negation_flip
very not too excellent staff.,negative,negation_flip
very not very excellent staff.,negative,negation_flip
very not so excellent staff.,negative,negation_flip
very never excellent staff.,negative,negation_flip
very good the staff.,positive,positive_aug
very not good the staff.,negative,negation_flip
very not too good the staff.,negative,negation_flip
very not very good the staff.,negative,negation_flip
very not so good the staff.,negative,negation_flip
very never good the staff.,negative,negation_flip
very great the staff.,positive,positive_aug
very not great the staff.,negative,negation_flip
very not too great the staff.,negative,negation_flip
very not very great the staff.,negative,negation_flip
very not so great the staff.,negative,negation_flip
very never great the staff.,negative,negation_flip
very nice the staff.,positive,positive_aug
very not nice the staff.,negative,negation_flip
very not too nice the staff.,negative,negation_flip
very not very nice the staff.,negative,negation_flip
very not so nice the staff.,negative,negation_flip
very never nice the staff.,negative,negation_flip
very clean the staff.,positive,positive_aug
very not clean the staff.,negative,negation_flip
very not too clean the staff.,negative,negation_flip
very not very clean the staff.,negative,negation_flip
very not so clean the staff.,negative,negation_flip
very never clean the staff.,negative,negation_flip
very helpful the staff.,positive,positive_aug
very not helpful the staff.,negative,negation_flip
very not too helpful the staff.,negative,negation_flip
very not very helpful the staff.,negative,negation_flip
very not so helpful the staff.,negative,negation_flip
very never helpful the staff.,negative,negation_flip
very friendly the staff.,positive,positive_aug
very not friendly the staff.,negative,negation_flip
very not too friendly the staff.,negative,negation_flip
very not very friendly the staff.,negative,negation_flip
very not so friendly the staff.,negative,negation_flip
very never friendly the staff.,negative,negation_flip
very comfortable the staff.,positive,positive_aug
very not comfortable the staff.,negative,negation_flip
very not too comfortable the staff.,negative,negation_flip
very not very comfortable the staff.,negative,negation_flip
very not so comfortable the staff.,negative,negation_flip
very never comfortable the staff.,negative,negation_flip
very excellent the staff.,positive,positive_aug
very not excellent the staff.,negative,negation_flip
very not too excellent the staff.,negative,negation_flip
very not very excellent the staff.,negative,negation_flip
very not so excellent the staff.,negative,negation_flip
very never excellent the staff.,negative,negation_flip
very good room.,positive,positive_aug
very not good room.,negative,negation_flip
very not too good room.,negative,negation_flip
very not very good room.,negative,negation_flip
very not so good room.,negative,negation_flip
very never good room.,negative,negation_flip
very great room.,positive,positive_aug
very not great room.,negative,negation_flip
very not too great room.,negative,negation_flip
very not very great room.,negative,negation_flip
very not so great room.,negative,negation_flip
very never great room.,negative,negation_flip
very nice room.,positive,positive_aug
very not nice room.,negative,negation_flip
very not too nice room.,negative,negation_flip
very not very nice room.,negative,negation_flip
very not so nice room.,negative,negation_flip
very never nice room.,negative,negation_flip
very clean room.,positive,positive_aug
very not clean room.,negative,negation_flip
very not too clean room.,negative,negation_flip
very not very clean room.,negative,negation_flip
very not so clean room.,negative,negation_flip
very never clean room.,negative,negation_flip
very helpful room.,positive,positive_aug
very not helpful room.,negative,negation_flip
very not too helpful room.,negative,negation_flip
very not very helpful room.,negative,negation_flip
very not so helpful room.,negative,negation_flip
very never helpful room.,negative,negation_flip
very friendly room.,positive,positive_aug
very not friendly room.,negative,negation_flip
very not too friendly room.,negative,negation_flip
very not very friendly room.,negative,negation_flip
very not so friendly room.,negative,negation_flip
very never friendly room.,negative,negation_flip
very comfortable room.,positive,positive_aug
very not comfortable room.,negative,negation_flip
very not too comfortable room.,negative,negation_flip
very not very comfortable room.,negative,negation_flip
very not so comfortable room.,negative,negation_flip
very never comfortable room.,negative,negation_flip
very excellent room.,positive,positive_aug
very not excellent room.,negative,negation_flip
very not too excellent room.,negative,negation_flip
very not very excellent room.,negative,negation_flip
very not so excellent room.,negative,negation_flip
very never excellent room.,negative,negation_flip
very good the room.,positive,positive_aug
very not good the room.,negative,negation_flip
very not too good the room.,negative,negation_flip
very not very good the room.,negative,negation_flip
very not so good the room.,negative,negation_flip
very never good the room.,negative,negation_flip
very great the room.,positive,positive_aug
very not great the room.,negative,negation_flip
very not too great the room.,negative,negation_flip
very not very great the room.,negative,negation_flip
very not so great the room.,negative,negation_flip
very never great the room.,negative,negation_flip
very nice the room.,positive,positive_aug
very not nice the room.,negative,negation_flip
very not too nice the room.,negative,negation_flip
very not very nice the room.,negative,negation_flip
very not so nice the room.,negative,negation_flip
very never nice the room.,negative,negation_flip
very clean the room.,positive,positive_aug
very not clean the room.,negative,negation_flip
very not too clean the room.,negative,negation_flip
very not very clean the room.,negative,negation_flip
very not so clean the room.,negative,negation_flip
very never clean the room.,negative,negation_flip
very helpful the room.,positive,positive_aug
very not helpful the room.,negative,negation_flip
very not too helpful the room.,negative,negation_flip
very not very helpful the room.,negative,negation_flip
very not so helpful the room.,negative,negation_flip
very never helpful the room.,negative,negation_flip
very friendly the room.,positive,positive_aug
very not friendly the room.,negative,negation_flip
very not too friendly the room.,negative,negation_flip
very not very friendly the room.,negative,negation_flip
very not so friendly the room.,negative,negation_flip
very never friendly the room.,negative,negation_flip
very comfortable the room.,positive,positive_aug
very not comfortable the room.,negative,negation_flip
very not too comfortable the room.,negative,negation_flip
very not very comfortable the room.,negative,negation_flip
very not so comfortable the room.,negative,negation_flip
very never comfortable the room.,negative,negation_flip
very excellent the room.,positive,positive_aug
very not excellent the room.,negative,negation_flip
very not too excellent the room.,negative,negation_flip
very not very excellent the room.,negative,negation_flip
very not so excellent the room.,negative,negation_flip
very never excellent the room.,negative,negation_flip
really good service.,positive,positive_aug
really not good service.,negative,negation_flip
really not too good service.,negative,negation_flip
really not very good service.,negative,negation_flip
really not so good service.,negative,negation_flip
really never good service.,negative,negation_flip
really great service.,positive,positive_aug
really not great service.,negative,negation_flip
really not too great service.,negative,negation_flip
really not very great service.,negative,negation_flip
really not so great service.,negative,negation_flip
really never great service.,negative,negation_flip
really nice service.,positive,positive_aug
really not nice service.,negative,negation_flip
really not too nice service.,negative,negation_flip
really not very nice service.,negative,negation_flip
really not so nice service.,negative,negation_flip
really never nice service.,negative,negation_flip
really clean service.,positive,positive_aug
really not clean service.,negative,negation_flip
really not too clean service.,negative,negation_flip
really not very clean service.,negative,negation_flip
really not so clean service.,negative,negation_flip
really never clean service.,negative,negation_flip
really helpful service.,positive,positive_aug
really not helpful service.,negative,negation_flip
really not too helpful service.,negative,negation_flip
really not very helpful service.,negative,negation_flip
really not so helpful service.,negative,negation_flip
really never helpful service.,negative,negation_flip
really friendly service.,positive,positive_aug
really not friendly service.,negative,negation_flip
really not too friendly service.,negative,negation_flip
really not very friendly service.,negative,negation_flip
really not so friendly service.,negative,negation_flip
really never friendly service.,negative,negation_flip
really comfortable service.,positive,positive_aug
really not comfortable service.,negative,negation_flip
really not too comfortable service.,negative,negation_flip
really not very comfortable service.,negative,negation_flip
really not so comfortable service.,negative,negation_flip
really never comfortable service.,negative,negation_flip
really excellent service.,positive,positive_aug
really not excellent service.,negative,negation_flip
really not too excellent service.,negative,negation_flip
really not very excellent service.,negative,negation_flip
really not so excellent service.,negative,negation_flip
really never excellent service.,negative,negation_flip
really good staff service.,positive,positive_aug
really not good staff service.,negative,negation_flip
really not too good staff service.,negative,negation_flip
really not very good staff service.,negative,negation_flip
really not so good staff service.,negative,negation_flip
really never good staff service.,negative,negation_flip
really great staff service.,positive,positive_aug
really not great staff service.,negative,negation_flip
really not too great staff service.,negative,negation_flip
really not very great staff service.,negative,negation_flip
really not so great staff service.,negative,negation_flip
really never great staff service.,negative,negation_flip
really nice staff service.,positive,positive_aug
really not nice staff service.,negative,negation_flip
really not too nice staff service.,negative,negation_flip
really not very nice staff service.,negative,negation_flip
really not so nice staff service.,negative,negation_flip
really never nice staff service.,negative,negation_flip
really clean staff service.,positive,positive_aug
really not clean staff service.,negative,negation_flip
really not too clean staff service.,negative,negation_flip
really not very clean staff service.,negative,negation_flip
really not so clean staff service.,negative,negation_flip
really never clean staff service.,negative,negation_flip
really helpful staff service.,positive,positive_aug
really not helpful staff service.,negative,negation_flip
really not too helpful staff service.,negative,negation_flip
really not very helpful staff service.,negative,negation_flip
really not so helpful staff service.,negative,negation_flip
really never helpful staff service.,negative,negation_flip
really friendly staff service.,positive,positive_aug
really not friendly staff service.,negative,negation_flip
really not too friendly staff service.,negative,negation_flip
really not very friendly staff service.,negative,negation_flip
really not so friendly staff service.,negative,negation_flip
really never friendly staff service.,negative,negation_flip
really comfortable staff service.,positive,positive_aug
really not comfortable staff service.,negative,negation_flip
really not too comfortable staff service.,negative,negation_flip
really not very comfortable staff service.,negative,negation_flip
really not so comfortable staff service.,negative,negation_flip
really never comfortable staff service.,negative,negation_flip
really excellent staff service.,positive,positive_aug
really not excellent staff service.,negative,negation_flip
really not too excellent staff service.,negative,negation_flip
really not very excellent staff service.,negative,negation_flip
really not so excellent staff service.,negative,negation_flip
really never excellent staff service.,negative,negation_flip
really good room service.,positive,positive_aug
really not good room service.,negative,negation_flip
really not too good room service.,negative,negation_flip
really not very good room service.,negative,negation_flip
really not so good room service.,negative,negation_flip
really never good room service.,negative,negation_flip
really great room service.,positive,positive_aug
really not great room service.,negative,negation_flip
really not too great room service.,negative,negation_flip
really not very great room service.,negative,negation_flip
really not so great room service.,negative,negation_flip
really never great room service.,negative,negation_flip
really nice room service.,positive,positive_aug
really not nice room service.,negative,negation_flip
really not too nice room service.,negative,negation_flip
really not very nice room service.,negative,negation_flip
really not so nice room service.,negative,negation_flip
really never nice room service.,negative,negation_flip
really clean room service.,positive,positive_aug
really not clean room service.,negative,negation_flip
really not too clean room service.,negative,negation_flip
really not very clean room service.,negative,negation_flip
really not so clean room service.,negative,negation_flip
really never clean room service.,negative,negation_flip
really helpful room service.,positive,positive_aug
really not helpful room service.,negative,negation_flip
really not too helpful room service.,negative,negation_flip
really not very helpful room service.,negative,negation_flip
really not so helpful room service.,negative,negation_flip
really never helpful room service.,negative,negation_flip
really friendly room service.,positive,positive_aug
really not friendly room service.,negative,negation_flip
really not too friendly room service.,negative,negation_flip
really not very friendly room service.,negative,negation_flip
really not so friendly room service.,negative,negation_flip
really never friendly room service.,negative,negation_flip
really comfortable room service.,positive,positive_aug
really not comfortable room service.,negative,negation_flip
really not too comfortable room service.,negative,negation_flip
really not very comfortable room service.,negative,negation_flip
really not so comfortable room service.,negative,negation_flip
really never comfortable room service.,negative,negation_flip
really excellent room service.,positive,positive_aug
really not excellent room service.,negative,negation_flip
really not too excellent room service.,negative,negation_flip
really not very excellent room service.,negative,negation_flip
really not so excellent room service.,negative,negation_flip
really never excellent room service.,negative,negation_flip
really good hotel service.,positive,positive_aug
really not good hotel service.,negative,negation_flip
really not too good hotel service.,negative,negation_flip
really not very good hotel service.,negative,negation_flip
really not so good hotel service.,negative,negation_flip
really never good hotel service.,negative,negation_flip
really great hotel service.,positive,positive_aug
really not great hotel service.,negative,negation_flip
really not too great hotel service.,negative,negation_flip
really not very great hotel service.,negative,negation_flip
really not so great hotel service.,negative,negation_flip
really never great hotel service.,negative,negation_flip
really nice hotel service.,positive,positive_aug
really not nice hotel service.,negative,negation_flip
really not too nice hotel service.,negative,negation_flip
really not very nice hotel service.,negative,negation_flip
really not so nice hotel service.,negative,negation_flip
really never nice hotel service.,negative,negation_flip
really clean hotel service.,positive,positive_aug
really not clean hotel service.,negative,negation_flip
really not too clean hotel service.,negative,negation_flip
really not very clean hotel service.,negative,negation_flip
really not so clean hotel service.,negative,negation_flip
really never clean hotel service.,negative,negation_flip
really helpful hotel service.,positive,positive_aug
really not helpful hotel service.,negative,negation_flip
really not too helpful hotel service.,negative,negation_flip
really not very helpful hotel service.,negative,negation_flip
really not so helpful hotel service.,negative,negation_flip
really never helpful hotel service.,negative,negation_flip
really friendly hotel service.,positive,positive_aug
really not friendly hotel service.,negative,negation_flip
really not too friendly hotel service.,negative,negation_flip
really not very friendly hotel service.,negative,negation_flip
really not so friendly hotel service.,negative,negation_flip
really never friendly hotel service.,negative,negation_flip
really comfortable hotel service.,positive,positive_aug
really not comfortable hotel service.,negative,negation_flip
really not too comfortable hotel service.,negative,negation_flip
really not very comfortable hotel service.,negative,negation_flip
really not so comfortable hotel service.,negative,negation_flip
really never comfortable hotel service.,negative,negation_flip
really excellent hotel service.,positive,positive_aug
really not excellent hotel service.,negative,negation_flip
really not too excellent hotel service.,negative,negation_flip
really not very excellent hotel service.,negative,negation_flip
really not so excellent hotel service.,negative,negation_flip
really never excellent hotel service.,negative,negation_flip
really good customer service.,positive,positive_aug
really not good customer service.,negative,negation_flip
really not too good customer service.,negative,negation_flip
really not very good customer service.,negative,negation_flip
really not so good customer service.,negative,negation_flip
really never good customer service.,negative,negation_flip
really great customer service.,positive,positive_aug
really not great customer service.,negative,negation_flip
really not too great customer service.,negative,negation_flip
really not very great customer service.,negative,negation_flip
really not so great customer service.,negative,negation_flip
really never great customer service.,negative,negation_flip
really nice customer service.,positive,positive_aug
really not nice customer service.,negative,negation_flip
really not too nice customer service.,negative,negation_flip
really not very nice customer service.,negative,negation_flip
really not so nice customer service.,negative,negation_flip
really never nice customer service.,negative,negation_flip
really clean customer service.,positive,positive_aug
really not clean customer service.,negative,negation_flip
really not too clean customer service.,negative,negation_flip
really not very clean customer service.,negative,negation_flip
really not so clean customer service.,negative,negation_flip
really never clean customer service.,negative,negation_flip
really helpful customer service.,positive,positive_aug
really not helpful customer service.,negative,negation_flip
really not too helpful customer service.,negative,negation_flip
really not very helpful customer service.,negative,negation_flip
really not so helpful customer service.,negative,negation_flip
really never helpful customer service.,negative,negation_flip
really friendly customer service.,positive,positive_aug
really not friendly customer service.,negative,negation_flip
really not too friendly customer service.,negative,negation_flip
really not very friendly customer service.,negative,negation_flip
really not so friendly customer service.,negative,negation_flip
really never friendly customer service.,negative,negation_flip
really comfortable customer service.,positive,positive_aug
really not comfortable customer service.,negative,negation_flip
really not too comfortable customer service.,negative,negation_flip
really not very comfortable customer service.,negative,negation_flip
really not so comfortable customer service.,negative,negation_flip
really never comfortable customer service.,negative,negation_flip
really excellent customer service.,positive,positive_aug
really not excellent customer service.,negative,negation_flip
really not too excellent customer service.,negative,negation_flip
really not very excellent customer service.,negative,negation_flip
really not so excellent customer service.,negative,negation_flip
really never excellent customer service.,negative,negation_flip
really good the service.,positive,positive_aug
really not good the service.,negative,negation_flip
really not too good the service.,negative,negation_flip
really not very good the service.,negative,negation_flip
really not so good the service.,negative,negation_flip
really never good the service.,negative,negation_flip
really great the service.,positive,positive_aug
really not great the service.,negative,negation_flip
really not too great the service.,negative,negation_flip
really not very great the service.,negative,negation_flip
really not so great the service.,negative,negation_flip
really never great the service.,negative,negation_flip
really nice the service.,positive,positive_aug
really not nice the service.,negative,negation_flip
really not too nice the service.,negative,negation_flip
really not very nice the service.,negative,negation_flip
really not so nice the service.,negative,negation_flip
really never nice the service.,negative,negation_flip
really clean the service.,positive,positive_aug
really not clean the service.,negative,negation_flip
really not too clean the service.,negative,negation_flip
really not very clean the service.,negative,negation_flip
really not so clean the service.,negative,negation_flip
really never clean the service.,negative,negation_flip
really helpful the service.,positive,positive_aug
really not helpful the service.,negative,negation_flip
really not too helpful the service.,negative,negation_flip
really not very helpful the service.,negative,negation_flip
really not so helpful the service.,negative,negation_flip
really never helpful the service.,negative,negation_flip
really friendly the service.,positive,positive_aug
really not friendly the service.,negative,negation_flip
really not too friendly the service.,negative,negation_flip
really not very friendly the service.,negative,negation_flip
really not so friendly the service.,negative,negation_flip
really never friendly the service.,negative,negation_flip
really comfortable the service.,positive,positive_aug
really not comfortable the service.,negative,negation_flip
really not too comfortable the service.,negative,negation_flip
really not very comfortable the service.,negative,negation_flip
really not so comfortable the service.,negative,negation_flip
really never comfortable the service.,negative,negation_flip
really excellent the service.,positive,positive_aug
really not excellent the service.,negative,negation_flip
really not too excellent the service.,negative,negation_flip
really not very excellent the service.,negative,negation_flip
really not so excellent the service.,negative,negation_flip
really never excellent the service.,negative,negation_flip
really good staff.,positive,positive_aug
really not good staff.,negative,negation_flip
really not too good staff.,negative,negation_flip
really not very good staff.,negative,negation_flip
really not so good staff.,negative,negation_flip
really never good staff.,negative,negation_flip
really great staff.,positive,positive_aug
really not great staff.,negative,negation_flip
really not too great staff.,negative,negation_flip
really not very great staff.,negative,negation_flip
really not so great staff.,negative,negation_flip
really never great staff.,negative,negation_flip
really nice staff.,positive,positive_aug
really not nice staff.,negative,negation_flip
really not too nice staff.,negative,negation_flip
really not very nice staff.,negative,negation_flip
really not so nice staff.,negative,negation_flip
really never nice staff.,negative,negation_flip
really clean staff.,positive,positive_aug
really not clean staff.,negative,negation_flip
really not too clean staff.,negative,negation_flip
really not very clean staff.,negative,negation_flip
really not so clean staff.,negative,negation_flip
really never clean staff.,negative,negation_flip
really helpful staff.,positive,positive_aug
really not helpful staff.,negative,negation_flip
really not too helpful staff.,negative,negation_flip
really not very helpful staff.,negative,negation_flip
really not so helpful staff.,negative,negation_flip
really never helpful staff.,negative,negation_flip
really friendly staff.,positive,positive_aug
really not friendly staff.,negative,negation_flip
really not too friendly staff.,negative,negation_flip
really not very friendly staff.,negative,negation_flip
really not so friendly staff.,negative,negation_flip
really never friendly staff.,negative,negation_flip
really comfortable staff.,positive,positive_aug
really not comfortable staff.,negative,negation_flip
really not too comfortable staff.,negative,negation_flip
really not very comfortable staff.,negative,negation_flip
really not so comfortable staff.,negative,negation_flip
really never comfortable staff.,negative,negation_flip
really excellent staff.,positive,positive_aug
really not excellent staff.,negative,negation_flip
really not too excellent staff.,negative,negation_flip
really not very excellent staff.,negative,negation_flip
really not so excellent staff.,negative,negation_flip
really never excellent staff.,negative,negation_flip
really good the staff.,positive,positive_aug
really not good the staff.,negative,negation_flip
really not too good the staff.,negative,negation_flip
really not very good the staff.,negative,negation_flip
really not so good the staff.,negative,negation_flip
really never good the staff.,negative,negation_flip
really great the staff.,positive,positive_aug
really not great the staff.,negative,negation_flip
really not too great the staff.,negative,negation_flip
really not very great the staff.,negative,negation_flip
really not so great the staff.,negative,negation_flip
really never great the staff.,negative,negation_flip
really nice the staff.,positive,positive_aug
really not nice the staff.,negative,negation_flip
really not too nice the staff.,negative,negation_flip
really not very nice the staff.,negative,negation_flip
really not so nice the staff.,negative,negation_flip
really never nice the staff.,negative,negation_flip
really clean the staff.,positive,positive_aug
really not clean the staff.,negative,negation_flip
really not too clean the staff.,negative,negation_flip
really not very clean the staff.,negative,negation_flip
really not so clean the staff.,negative,negation_flip
really never clean the staff.,negative,negation_flip
really helpful the staff.,positive,positive_aug
really not helpful the staff.,negative,negation_flip
really not too helpful the staff.,negative,negation_flip
really not very helpful the staff.,negative,negation_flip
really not so helpful the staff.,negative,negation_flip
really never helpful the staff.,negative,negation_flip
really friendly the staff.,positive,positive_aug
really not friendly the staff.,negative,negation_flip
really not too friendly the staff.,negative,negation_flip
really not very friendly the staff.,negative,negation_flip
really not so friendly the staff.,negative,negation_flip
really never friendly the staff.,negative,negation_flip
really comfortable the staff.,positive,positive_aug
really not comfortable the staff.,negative,negation_flip
really not too comfortable the staff.,negative,negation_flip
really not very comfortable the staff.,negative,negation_flip
really not so comfortable the staff.,negative,negation_flip
really never comfortable the staff.,negative,negation_flip
really excellent the staff.,positive,positive_aug
really not excellent the staff.,negative,negation_flip
really not too excellent the staff.,negative,negation_flip
really not very excellent the staff.,negative,negation_flip
really not so excellent the staff.,negative,negation_flip
really never excellent the staff.,negative,negation_flip
really good room.,positive,positive_aug
really not good room.,negative,negation_flip
really not too good room.,negative,negation_flip
really not very good room.,negative,negation_flip
really not so good room.,negative,negation_flip
really never good room.,negative,negation_flip
really great room.,positive,positive_aug
really not great room.,negative,negation_flip
really not too great room.,negative,negation_flip
really not very great room.,negative,negation_flip
really not so great room.,negative,negation_flip
really never great room.,negative,negation_flip
really nice room.,positive,positive_aug
really not nice room.,negative,negation_flip
really not too nice room.,negative,negation_flip
really not very nice room.,negative,negation_flip
really not so nice room.,negative,negation_flip
really never nice room.,negative,negation_flip
really clean room.,positive,positive_aug
really not clean room.,negative,negation_flip
really not too clean room.,negative,negation_flip
really not very clean room.,negative,negation_flip
really not so clean room.,negative,negation_flip
really never clean room.,negative,negation_flip
really helpful room.,positive,positive_aug
really not helpful room.,negative,negation_flip
really not too helpful room.,negative,negation_flip
really not very helpful room.,negative,negation_flip
really not so helpful room.,negative,negation_flip
really never helpful room.,negative,negation_flip
really friendly room.,positive,positive_aug
really not friendly room.,negative,negation_flip
really not too friendly room.,negative,negation_flip
really not very friendly room.,negative,negation_flip
really not so friendly room.,negative,negation_flip
really never friendly room.,negative,negation_flip
really comfortable room.,positive,positive_aug
really not comfortable room.,negative,negation_flip
really not too comfortable room.,negative,negation_flip
really not very comfortable room.,negative,negation_flip
really not so comfortable room.,negative,negation_flip
really never comfortable room.,negative,negation_flip
really excellent room.,positive,positive_aug
really not excellent room.,negative,negation_flip
really not too excellent room.,negative,negation_flip
really not very excellent room.,negative,negation_flip
really not so excellent room.,negative,negation_flip
really never excellent room.,negative,negation_flip
really good the room.,positive,positive_aug
really not good the room.,negative,negation_flip
really not too good the room.,negative,negation_flip
really not very good the room.,negative,negation_flip
really not so good the room.,negative,negation_flip
really never good the room.,negative,negation_flip
really great the room.,positive,positive_aug
really not great the room.,negative,negation_flip
really not too great the room.,negative,negation_flip
really not very great the room.,negative,negation_flip
really not so great the room.,negative,negation_flip
really never great the room.,negative,negation_flip
really nice the room.,positive,positive_aug
really not nice the room.,negative,negation_flip
really not too nice the room.,negative,negation_flip
really not very nice the room.,negative,negation_flip
really not so nice the room.,negative,negation_flip
really never nice the room.,negative,negation_flip
really clean the room.,positive,positive_aug
really not clean the room.,negative,negation_flip
really not too clean the room.,negative,negation_flip
really not very clean the room.,negative,negation_flip
really not so clean the room.,negative,negation_flip
really never clean the room.,negative,negation_flip
really helpful the room.,positive,positive_aug
really not helpful the room.,negative,negation_flip
really not too helpful the room.,negative,negation_flip
really not very helpful the room.,negative,negation_flip
really not so helpful the room.,negative,negation_flip
really never helpful the room.,negative,negation_flip
really friendly the room.,positive,positive_aug
really not friendly the room.,negative,negation_flip
really not too friendly the room.,negative,negation_flip
really not very friendly the room.,negative,negation_flip
really not so friendly the room.,negative,negation_flip
really never friendly the room.,negative,negation_flip
really comfortable the room.,positive,positive_aug
really not comfortable the room.,negative,negation_flip
really not too comfortable the room.,negative,negation_flip
really not very comfortable the room.,negative,negation_flip
really not so comfortable the room.,negative,negation_flip
really never comfortable the room.,negative,negation_flip
really excellent the room.,positive,positive_aug
really not excellent the room.,negative,negation_flip
really not too excellent the room.,negative,negation_flip
really not very excellent the room.,negative,negation_flip
really not so excellent the room.,negative,negation_flip
really never excellent the room.,negative,negation_flip
i found the service good.,positive,positive_aug
i found the service not good.,negative,negation_flip
i found the service not too good.,negative,negation_flip
i found the service not very good.,negative,negation_flip
i found the service not so good.,negative,negation_flip
i found the service never good.,negative,negation_flip
i found the service great.,positive,positive_aug
i found the service not great.,negative,negation_flip
i found the service not too great.,negative,negation_flip
i found the service not very great.,negative,negation_flip
i found the service not so great.,negative,negation_flip
i found the service never great.,negative,negation_flip
i found the service nice.,positive,positive_aug
i found the service not nice.,negative,negation_flip
i found the service not too nice.,negative,negation_flip
i found the service not very nice.,negative,negation_flip
i found the service not so nice.,negative,negation_flip
i found the service never nice.,negative,negation_flip
i found the service clean.,positive,positive_aug
i found the service not clean.,negative,negation_flip
i found the service not too clean.,negative,negation_flip
i found the service not very clean.,negative,negation_flip
i found the service not so clean.,negative,negation_flip
i found the service never clean.,negative,negation_flip
i found the service helpful.,positive,positive_aug
i found the service not helpful.,negative,negation_flip
i found the service not too helpful.,negative,negation_flip
i found the service not very helpful.,negative,negation_flip
i found the service not so helpful.,negative,negation_flip
i found the service never helpful.,negative,negation_flip
i found the service friendly.,positive,positive_aug
i found the service not friendly.,negative,negation_flip
i found the service not too friendly.,negative,negation_flip
i found the service not very friendly.,negative,negation_flip
i found the service not so friendly.,negative,negation_flip
i found the service never friendly.,negative,negation_flip
i found the service comfortable.,positive,positive_aug
i found the service not comfortable.,negative,negation_flip
i found the service not too comfortable.,negative,negation_flip
i found the service not very comfortable.,negative,negation_flip
i found the service not so comfortable.,negative,negation_flip
i found the service never comfortable.,negative,negation_flip
i found the service excellent.,positive,positive_aug
i found the service not excellent.,negative,negation_flip
i found the service not too excellent.,negative,negation_flip
i found the service not very excellent.,negative,negation_flip
i found the service not so excellent.,negative,negation_flip
i found the service never excellent.,negative,negation_flip
i found the staff service good.,positive,positive_aug
i found the staff service not good.,negative,negation_flip
i found the staff service not too good.,negative,negation_flip
i found the staff service not very good.,negative,negation_flip
i found the staff service not so good.,negative,negation_flip
i found the staff service never good.,negative,negation_flip
i found the staff service great.,positive,positive_aug
i found the staff service not great.,negative,negation_flip
i found the staff service not too great.,negative,negation_flip
i found the staff service not very great.,negative,negation_flip
i found the staff service not so great.,negative,negation_flip
i found the staff service never great.,negative,negation_flip
i found the staff service nice.,positive,positive_aug
i found the staff service not nice.,negative,negation_flip
i found the staff service not too nice.,negative,negation_flip
i found the staff service not very nice.,negative,negation_flip
i found the staff service not so nice.,negative,negation_flip
i found the staff service never nice.,negative,negation_flip
i found the staff service clean.,positive,positive_aug
i found the staff service not clean.,negative,negation_flip
i found the staff service not too clean.,negative,negation_flip
i found the staff service not very clean.,negative,negation_flip
i found the staff service not so clean.,negative,negation_flip
i found the staff service never clean.,negative,negation_flip
i found the staff service helpful.,positive,positive_aug
i found the staff service not helpful.,negative,negation_flip
i found the staff service not too helpful.,negative,negation_flip
i found the staff service not very helpful.,negative,negation_flip
i found the staff service not so helpful.,negative,negation_flip
i found the staff service never helpful.,negative,negation_flip
i found the staff service friendly.,positive,positive_aug
i found the staff service not friendly.,negative,negation_flip
i found the staff service not too friendly.,negative,negation_flip
i found the staff service not very friendly.,negative,negation_flip
i found the staff service not so friendly.,negative,negation_flip
i found the staff service never friendly.,negative,negation_flip
i found the staff service comfortable.,positive,positive_aug
i found the staff service not comfortable.,negative,negation_flip
i found the staff service not too comfortable.,negative,negation_flip
i found the staff service not very comfortable.,negative,negation_flip
i found the staff service not so comfortable.,negative,negation_flip
i found the staff service never comfortable.,negative,negation_flip
i found the staff service excellent.,positive,positive_aug
i found the staff service not excellent.,negative,negation_flip
i found the staff service not too excellent.,negative,negation_flip
i found the staff service not very excellent.,negative,negation_flip
i found the staff service not so excellent.,negative,negation_flip
i found the staff service never excellent.,negative,negation_flip
i found the room service good.,positive,positive_aug
i found the room service not good.,negative,negation_flip
i found the room service not too good.,negative,negation_flip
i found the room service not very good.,negative,negation_flip
i found the room service not so good.,negative,negation_flip
i found the room service never good.,negative,negation_flip
i found the room service great.,positive,positive_aug
i found the room service not great.,negative,negation_flip
i found the room service not too great.,negative,negation_flip
i found the room service not very great.,negative,negation_flip
i found the room service not so great.,negative,negation_flip
i found the room service never great.,negative,negation_flip
i found the room service nice.,positive,positive_aug
i found the room service not nice.,negative,negation_flip
i found the room service not too nice.,negative,negation_flip
i found the room service not very nice.,negative,negation_flip
i found the room service not so nice.,negative,negation_flip
i found the room service never nice.,negative,negation_flip
i found the room service clean.,positive,positive_aug
i found the room service not clean.,negative,negation_flip
i found the room service not too clean.,negative,negation_flip
i found the room service not very clean.,negative,negation_flip
i found the room service not so clean.,negative,negation_flip
i found the room service never clean.,negative,negation_flip
i found the room service helpful.,positive,positive_aug
i found the room service not helpful.,negative,negation_flip
i found the room service not too helpful.,negative,negation_flip
i found the room service not very helpful.,negative,negation_flip
i found the room service not so helpful.,negative,negation_flip
i found the room service never helpful.,negative,negation_flip
i found the room service friendly.,positive,positive_aug
i found the room service not friendly.,negative,negation_flip
i found the room service not too friendly.,negative,negation_flip
i found the room service not very friendly.,negative,negation_flip
i found the room service not so friendly.,negative,negation_flip
i found the room service never friendly.,negative,negation_flip
i found the room service comfortable.,positive,positive_aug
i found the room service not comfortable.,negative,negation_flip
i found the room service not too comfortable.,negative,negation_flip
i found the room service not very comfortable.,negative,negation_flip
i found the room service not so comfortable.,negative,negation_flip
i found the room service never comfortable.,negative,negation_flip
i found the room service excellent.,positive,positive_aug
i found the room service not excellent.,negative,negation_flip
i found the room service not too excellent.,negative,negation_flip
i found the room service not very excellent.,negative,negation_flip
i found the room service not so excellent.,negative,negation_flip
i found the room service never excellent.,negative,negation_flip
i found the hotel service good.,positive,positive_aug
i found the hotel service not good.,negative,negation_flip
i found the hotel service not too good.,negative,negation_flip
i found the hotel service not very good.,negative,negation_flip
i found the hotel service not so good.,negative,negation_flip
i found the hotel service never good.,negative,negation_flip
i found the hotel service great.,positive,positive_aug
i found the hotel service not great.,negative,negation_flip
i found the hotel service not too great.,negative,negation_flip
i found the hotel service not very great.,negative,negation_flip
i found the hotel service not so great.,negative,negation_flip
i found the hotel service never great.,negative,negation_flip
i found the hotel service nice.,positive,positive_aug
i found the hotel service not nice.,negative,negation_flip
i found the hotel service not too nice.,negative,negation_flip
i found the hotel service not very nice.,negative,negation_flip
i found the hotel service not so nice.,negative,negation_flip
i found the hotel service never nice.,negative,negation_flip
i found the hotel service clean.,positive,positive_aug
i found the hotel service not clean.,negative,negation_flip
i found the hotel service not too clean.,negative,negation_flip
i found the hotel service not very clean.,negative,negation_flip
i found the hotel service not so clean.,negative,negation_flip
i found the hotel service never clean.,negative,negation_flip
i found the hotel service helpful.,positive,positive_aug
i found the hotel service not helpful.,negative,negation_flip
i found the hotel service not too helpful.,negative,negation_flip
i found the hotel service not very helpful.,negative,negation_flip
i found the hotel service not so helpful.,negative,negation_flip
i found the hotel service never helpful.,negative,negation_flip
i found the hotel service friendly.,positive,positive_aug
i found the hotel service not friendly.,negative,negation_flip
i found the hotel service not too friendly.,negative,negation_flip
i found the hotel service not very friendly.,negative,negation_flip
i found the hotel service not so friendly.,negative,negation_flip
i found the hotel service never friendly.,negative,negation_flip
i found the hotel service comfortable.,positive,positive_aug
i found the hotel service not comfortable.,negative,negation_flip
i found the hotel service not too comfortable.,negative,negation_flip
i found the hotel service not very comfortable.,negative,negation_flip
i found the hotel service not so comfortable.,negative,negation_flip
i found the hotel service never comfortable.,negative,negation_flip
i found the hotel service excellent.,positive,positive_aug
i found the hotel service not excellent.,negative,negation_flip
i found the hotel service not too excellent.,negative,negation_flip
i found the hotel service not very excellent.,negative,negation_flip
i found the hotel service not so excellent.,negative,negation_flip
i found the hotel service never excellent.,negative,negation_flip
i found the customer service good.,positive,positive_aug
i found the customer service not good.,negative,negation_flip
i found the customer service not too good.,negative,negation_flip
i found the customer service not very good.,negative,negation_flip
i found the customer service not so good.,negative,negation_flip
i found the customer service never good.,negative,negation_flip
i found the customer service great.,positive,positive_aug
i found the customer service not great.,negative,negation_flip
i found the customer service not too great.,negative,negation_flip
i found the customer service not very great.,negative,negation_flip
i found the customer service not so great.,negative,negation_flip
i found the customer service never great.,negative,negation_flip
i found the customer service nice.,positive,positive_aug
i found the customer service not nice.,negative,negation_flip
i found the customer service not too nice.,negative,negation_flip
i found the customer service not very nice.,negative,negation_flip
i found the customer service not so nice.,negative,negation_flip
i found the customer service never nice.,negative,negation_flip
i found the customer service clean.,positive,positive_aug
i found the customer service not clean.,negative,negation_flip
i found the customer service not too clean.,negative,negation_flip
i found the customer service not very clean.,negative,negation_flip
i found the customer service not so clean.,negative,negation_flip
i found the customer service never clean.,negative,negation_flip
i found the customer service helpful.,positive,positive_aug
i found the customer service not helpful.,negative,negation_flip
i found the customer service not too helpful.,negative,negation_flip
i found the customer service not very helpful.,negative,negation_flip
i found the customer service not so helpful.,negative,negation_flip
i found the customer service never helpful.,negative,negation_flip
i found the customer service friendly.,positive,positive_aug
i found the customer service not friendly.,negative,negation_flip
i found the customer service not too friendly.,negative,negation_flip
i found the customer service not very friendly.,negative,negation_flip
i found the customer service not so friendly.,negative,negation_flip
i found the customer service never friendly.,negative,negation_flip
i found the customer service comfortable.,positive,positive_aug
i found the customer service not comfortable.,negative,negation_flip
i found the customer service not too comfortable.,negative,negation_flip
i found the customer service not very comfortable.,negative,negation_flip
i found the customer service not so comfortable.,negative,negation_flip
i found the customer service never comfortable.,negative,negation_flip
i found the customer service excellent.,positive,positive_aug
i found the customer service not excellent.,negative,negation_flip
i found the customer service not too excellent.,negative,negation_flip
i found the customer service not very excellent.,negative,negation_flip
i found the customer service not so excellent.,negative,negation_flip
i found the customer service never excellent.,negative,negation_flip
i found the the service good.,positive,positive_aug
i found the the service not good.,negative,negation_flip
i found the the service not too good.,negative,negation_flip
i found the the service not very good.,negative,negation_flip
i found the the service not so good.,negative,negation_flip
i found the the service never good.,negative,negation_flip
i found the the service great.,positive,positive_aug
i found the the service not great.,negative,negation_flip
i found the the service not too great.,negative,negation_flip
i found the the service not very great.,negative,negation_flip
i found the the service not so great.,negative,negation_flip
i found the the service never great.,negative,negation_flip
i found the the service nice.,positive,positive_aug
i found the the service not nice.,negative,negation_flip
i found the the service not too nice.,negative,negation_flip
i found the the service not very nice.,negative,negation_flip
i found the the service not so nice.,negative,negation_flip
i found the the service never nice.,negative,negation_flip
i found the the service clean.,positive,positive_aug
i found the the service not clean.,negative,negation_flip
i found the the service not too clean.,negative,negation_flip
i found the the service not very clean.,negative,negation_flip
i found the the service not so clean.,negative,negation_flip
i found the the service never clean.,negative,negation_flip
i found the the service helpful.,positive,positive_aug
i found the the service not helpful.,negative,negation_flip
i found the the service not too helpful.,negative,negation_flip
i found the the service not very helpful.,negative,negation_flip
i found the the service not so helpful.,negative,negation_flip
i found the the service never helpful.,negative,negation_flip
i found the the service friendly.,positive,positive_aug
i found the the service not friendly.,negative,negation_flip
i found the the service not too friendly.,negative,negation_flip
i found the the service not very friendly.,negative,negation_flip
i found the the service not so friendly.,negative,negation_flip
i found the the service never friendly.,negative,negation_flip
i found the the service comfortable.,positive,positive_aug
i found the the service not comfortable.,negative,negation_flip
i found the the service not too comfortable.,negative,negation_flip
i found the the service not very comfortable.,negative,negation_flip
i found the the service not so comfortable.,negative,negation_flip
i found the the service never comfortable.,negative,negation_flip
i found the the service excellent.,positive,positive_aug
i found the the service not excellent.,negative,negation_flip
i found the the service not too excellent.,negative,negation_flip
i found the the service not very excellent.,negative,negation_flip
i found the the service not so excellent.,negative,negation_flip
i found the the service never excellent.,negative,negation_flip
i found the staff good.,positive,positive_aug
i found the staff not good.,negative,negation_flip
i found the staff not too good.,negative,negation_flip
i found the staff not very good.,negative,negation_flip
i found the staff not so good.,negative,negation_flip
i found the staff never good.,negative,negation_flip
i found the staff great.,positive,positive_aug
i found the staff not great.,negative,negation_flip
i found the staff not too great.,negative,negation_flip
i found the staff not very great.,negative,negation_flip
i found the staff not so great.,negative,negation_flip
i found the staff never great.,negative,negation_flip
i found the staff nice.,positive,positive_aug
i found the staff not nice.,negative,negation_flip
i found the staff not too nice.,negative,negation_flip
i found the staff not very nice.,negative,negation_flip
i found the staff not so nice.,negative,negation_flip
i found the staff never nice.,negative,negation_flip
i found the staff clean.,positive,positive_aug
i found the staff not clean.,negative,negation_flip
i found the staff not too clean.,negative,negation_flip
i found the staff not very clean.,negative,negation_flip
i found the staff not so clean.,negative,negation_flip
i found the staff never clean.,negative,negation_flip
i found the staff helpful.,positive,positive_aug
i found the staff not helpful.,negative,negation_flip
i found the staff not too helpful.,negative,negation_flip
i found the staff not very helpful.,negative,negation_flip
i found the staff not so helpful.,negative,negation_flip
i found the staff never helpful.,negative,negation_flip
i found the staff friendly.,positive,positive_aug
i found the staff not friendly.,negative,negation_flip
i found the staff not too friendly.,negative,negation_flip
i found the staff not very friendly.,negative,negation_flip
i found the staff not so friendly.,negative,negation_flip
i found the staff never friendly.,negative,negation_flip
i found the staff comfortable.,positive,positive_aug
i found the staff not comfortable.,negative,negation_flip
i found the staff not too comfortable.,negative,negation_flip
i found the staff not very comfortable.,negative,negation_flip
i found the staff not so comfortable.,negative,negation_flip
i found the staff never comfortable.,negative,negation_flip
i found the staff excellent.,positive,positive_aug
i found the staff not excellent.,negative,negation_flip
i found the staff not too excellent.,negative,negation_flip
i found the staff not very excellent.,negative,negation_flip
i found the staff not so excellent.,negative,negation_flip
i found the staff never excellent.,negative,negation_flip
i found the the staff good.,positive,positive_aug
i found the the staff not good.,negative,negation_flip
i found the the staff not too good.,negative,negation_flip
i found the the staff not very good.,negative,negation_flip
i found the the staff not so good.,negative,negation_flip
i found the the staff never good.,negative,negation_flip
i found the the staff great.,positive,positive_aug
i found the the staff not great.,negative,negation_flip
i found the the staff not too great.,negative,negation_flip
i found the the staff not very great.,negative,negation_flip
i found the the staff not so great.,negative,negation_flip
i found the the staff never great.,negative,negation_flip
i found the the staff nice.,positive,positive_aug
i found the the staff not nice.,negative,negation_flip
i found the the staff not too nice.,negative,negation_flip
i found the the staff not very nice.,negative,negation_flip
i found the the staff not so nice.,negative,negation_flip
i found the the staff never nice.,negative,negation_flip
i found the the staff clean.,positive,positive_aug
i found the the staff not clean.,negative,negation_flip
i found the the staff not too clean.,negative,negation_flip
i found the the staff not very clean.,negative,negation_flip
i found the the staff not so clean.,negative,negation_flip
i found the the staff never clean.,negative,negation_flip
i found the the staff helpful.,positive,positive_aug
i found the the staff not helpful.,negative,negation_flip
i found the the staff not too helpful.,negative,negation_flip
i found the the staff not very helpful.,negative,negation_flip
i found the the staff not so helpful.,negative,negation_flip
i found the the staff never helpful.,negative,negation_flip
i found the the staff friendly.,positive,positive_aug
i found the the staff not friendly.,negative,negation_flip
i found the the staff not too friendly.,negative,negation_flip
i found the the staff not very friendly.,negative,negation_flip
i found the the staff not so friendly.,negative,negation_flip
i found the the staff never friendly.,negative,negation_flip
i found the the staff comfortable.,positive,positive_aug
i found the the staff not comfortable.,negative,negation_flip
i found the the staff not too comfortable.,negative,negation_flip
i found the the staff not very comfortable.,negative,negation_flip
i found the the staff not so comfortable.,negative,negation_flip
i found the the staff never comfortable.,negative,negation_flip
i found the the staff excellent.,positive,positive_aug
i found the the staff not excellent.,negative,negation_flip
i found the the staff not too excellent.,negative,negation_flip
i found the the staff not very excellent.,negative,negation_flip
i found the the staff not so excellent.,negative,negation_flip
i found the the staff never excellent.,negative,negation_flip
i found the room good.,positive,positive_aug
i found the room not good.,negative,negation_flip
i found the room not too good.,negative,negation_flip
i found the room not very good.,negative,negation_flip
i found the room not so good.,negative,negation_flip
i found the room never good.,negative,negation_flip
i found the room great.,positive,positive_aug
i found the room not great.,negative,negation_flip
i found the room not too great.,negative,negation_flip
i found the room not very great.,negative,negation_flip
i found the room not so great.,negative,negation_flip
i found the room never great.,negative,negation_flip
i found the room nice.,positive,positive_aug
i found the room not nice.,negative,negation_flip
i found the room not too nice.,negative,negation_flip
i found the room not very nice.,negative,negation_flip
i found the room not so nice.,negative,negation_flip
i found the room never nice.,negative,negation_flip
i found the room clean.,positive,positive_aug
i found the room not clean.,negative,negation_flip
i found the room not too clean.,negative,negation_flip
i found the room not very clean.,negative,negation_flip
i found the room not so clean.,negative,negation_flip
i found the room never clean.,negative,negation_flip
i found the room helpful.,positive,positive_aug
i found the room not helpful.,negative,negation_flip
i found the room not too helpful.,negative,negation_flip
i found the room not very helpful.,negative,negation_flip
i found the room not so helpful.,negative,negation_flip
i found the room never helpful.,negative,negation_flip
i found the room friendly.,positive,positive_aug
i found the room not friendly.,negative,negation_flip
i found the room not too friendly.,negative,negation_flip
i found the room not very friendly.,negative,negation_flip
i found the room not so friendly.,negative,negation_flip
i found the room never friendly.,negative,negation_flip
i found the room comfortable.,positive,positive_aug
i found the room not comfortable.,negative,negation_flip
i found the room not too comfortable.,negative,negation_flip
i found the room not very comfortable.,negative,negation_flip
i found the room not so comfortable.,negative,negation_flip
i found the room never comfortable.,negative,negation_flip
i found the room excellent.,positive,positive_aug
i found the room not excellent.,negative,negation_flip
i found the room not too excellent.,negative,negation_flip
i found the room not very excellent.,negative,negation_flip
i found the room not so excellent.,negative,negation_flip
i found the room never excellent.,negative,negation_flip
i found the the room good.,positive,positive_aug
i found the the room not good.,negative,negation_flip
i found the the room not too good.,negative,negation_flip
i found the the room not very good.,negative,negation_flip
i found the the room not so good.,negative,negation_flip
i found the the room never good.,negative,negation_flip
i found the the room great.,positive,positive_aug
i found the the room not great.,negative,negation_flip
i found the the room not too great.,negative,negation_flip
i found the the room not very great.,negative,negation_flip
i found the the room not so great.,negative,negation_flip
i found the the room never great.,negative,negation_flip
i found the the room nice.,positive,positive_aug
i found the the room not nice.,negative,negation_flip
i found the the room not too nice.,negative,negation_flip
i found the the room not very nice.,negative,negation_flip
i found the the room not so nice.,negative,negation_flip
i found the the room never nice.,negative,negation_flip
i found the the room clean.,positive,positive_aug
i found the the room not clean.,negative,negation_flip
i found the the room not too clean.,negative,negation_flip
i found the the room not very clean.,negative,negation_flip
i found the the room not so clean.,negative,negation_flip
i found the the room never clean.,negative,negation_flip
i found the the room helpful.,positive,positive_aug
i found the the room not helpful.,negative,negation_flip
i found the the room not too helpful.,negative,negation_flip
i found the the room not very helpful.,negative,negation_flip
i found the the room not so helpful.,negative,negation_flip
i found the the room never helpful.,negative,negation_flip
i found the the room friendly.,positive,positive_aug
i found the the room not friendly.,negative,negation_flip
i found the the room not too friendly.,negative,negation_flip
i found the the room not very friendly.,negative,negation_flip
i found the the room not so friendly.,negative,negation_flip
i found the the room never friendly.,negative,negation_flip
i found the the room comfortable.,positive,positive_aug
i found the the room not comfortable.,negative,negation_flip
i found the the room not too comfortable.,negative,negation_flip
i found the the room not very comfortable.,negative,negation_flip
i found the the room not so comfortable.,negative,negation_flip
i found the the room never comfortable.,negative,negation_flip
i found the the room excellent.,positive,positive_aug
i found the the room not excellent.,negative,negation_flip
i found the the room not too excellent.,negative,negation_flip
i found the the room not very excellent.,negative,negation_flip
i found the the room not so excellent.,negative,negation_flip
i found the the room never excellent.,negative,negation_flip
overall good service.,positive,positive_aug
overall not good service.,negative,negation_flip
overall not too good service.,negative,negation_flip
overall not very good service.,negative,negation_flip
overall not so good service.,negative,negation_flip
overall never good service.,negative,negation_flip
overall great service.,positive,positive_aug
overall not great service.,negative,negation_flip
overall not too great service.,negative,negation_flip
overall not very great service.,negative,negation_flip
overall not so great service.,negative,negation_flip
overall never great service.,negative,negation_flip
overall nice service.,positive,positive_aug
overall not nice service.,negative,negation_flip
overall not too nice service.,negative,negation_flip
overall not very nice service.,negative,negation_flip
overall not so nice service.,negative,negation_flip
overall never nice service.,negative,negation_flip
overall clean service.,positive,positive_aug
overall not clean service.,negative,negation_flip
overall not too clean service.,negative,negation_flip
overall not very clean service.,negative,negation_flip
overall not so clean service.,negative,negation_flip
overall never clean service.,negative,negation_flip
overall helpful service.,positive,positive_aug
overall not helpful service.,negative,negation_flip
overall not too helpful service.,negative,negation_flip
overall not very helpful service.,negative,negation_flip
overall not so helpful service.,negative,negation_flip
overall never helpful service.,negative,negation_flip
overall friendly service.,positive,positive_aug
overall not friendly service.,negative,negation_flip
overall not too friendly service.,negative,negation_flip
overall not very friendly service.,negative,negation_flip
overall not so friendly service.,negative,negation_flip
overall never friendly service.,negative,negation_flip
overall comfortable service.,positive,positive_aug
overall not comfortable service.,negative,negation_flip
overall not too comfortable service.,negative,negation_flip
overall not very comfortable service.,negative,negation_flip
overall not so comfortable service.,negative,negation_flip
overall never comfortable service.,negative,negation_flip
overall excellent service.,positive,positive_aug
overall not excellent service.,negative,negation_flip
overall not too excellent service.,negative,negation_flip
overall not very excellent service.,negative,negation_flip
overall not so excellent service.,negative,negation_flip
overall never excellent service.,negative,negation_flip
overall good staff service.,positive,positive_aug
overall not good staff service.,negative,negation_flip
overall not too good staff service.,negative,negation_flip
overall not very good staff service.,negative,negation_flip
overall not so good staff service.,negative,negation_flip
overall never good staff service.,negative,negation_flip
overall great staff service.,positive,positive_aug
overall not great staff service.,negative,negation_flip
overall not too great staff service.,negative,negation_flip
overall not very great staff service.,negative,negation_flip
overall not so great staff service.,negative,negation_flip
overall never great staff service.,negative,negation_flip
overall nice staff service.,positive,positive_aug
overall not nice staff service.,negative,negation_flip
overall not too nice staff service.,negative,negation_flip
overall not very nice staff service.,negative,negation_flip
overall not so nice staff service.,negative,negation_flip
overall never nice staff service.,negative,negation_flip
overall clean staff service.,positive,positive_aug
overall not clean staff service.,negative,negation_flip
overall not too clean staff service.,negative,negation_flip
overall not very clean staff service.,negative,negation_flip
overall not so clean staff service.,negative,negation_flip
overall never clean staff service.,negative,negation_flip
overall helpful staff service.,positive,positive_aug
overall not helpful staff service.,negative,negation_flip
overall not too helpful staff service.,negative,negation_flip
overall not very helpful staff service.,negative,negation_flip
overall not so helpful staff service.,negative,negation_flip
overall never helpful staff service.,negative,negation_flip
overall friendly staff service.,positive,positive_aug
overall not friendly staff service.,negative,negation_flip
overall not too friendly staff service.,negative,negation_flip
overall not very friendly staff service.,negative,negation_flip
overall not so friendly staff service.,negative,negation_flip
overall never friendly staff service.,negative,negation_flip
overall comfortable staff service.,positive,positive_aug
overall not comfortable staff service.,negative,negation_flip
overall not too comfortable staff service.,negative,negation_flip
overall not very comfortable staff service.,negative,negation_flip
overall not so comfortable staff service.,negative,negation_flip
overall never comfortable staff service.,negative,negation_flip
overall excellent staff service.,positive,positive_aug
overall not excellent staff service.,negative,negation_flip
overall not too excellent staff service.,negative,negation_flip
overall not very excellent staff service.,negative,negation_flip
overall not so excellent staff service.,negative,negation_flip
overall never excellent staff service.,negative,negation_flip
overall good room service.,positive,positive_aug
overall not good room service.,negative,negation_flip
overall not too good room service.,negative,negation_flip
overall not very good room service.,negative,negation_flip
overall not so good room service.,negative,negation_flip
overall never good room service.,negative,negation_flip
overall great room service.,positive,positive_aug
overall not great room service.,negative,negation_flip
overall not too great room service.,negative,negation_flip
overall not very great room service.,negative,negation_flip
overall not so great room service.,negative,negation_flip
overall never great room service.,negative,negation_flip
overall nice room service.,positive,positive_aug
overall not nice room service.,negative,negation_flip
overall not too nice room service.,negative,negation_flip
overall not very nice room service.,negative,negation_flip
overall not so nice room service.,negative,negation_flip
overall never nice room service.,negative,negation_flip
overall clean room service.,positive,positive_aug
overall not clean room service.,negative,negation_flip
overall not too clean room service.,negative,negation_flip
overall not very clean room service.,negative,negation_flip
overall not so clean room service.,negative,negation_flip
overall never clean room service.,negative,negation_flip
overall helpful room service.,positive,positive_aug
overall not helpful room service.,negative,negation_flip
overall not too helpful room service.,negative,negation_flip
overall not very helpful room service.,negative,negation_flip
overall not so helpful room service.,negative,negation_flip
overall never helpful room service.,negative,negation_flip
overall friendly room service.,positive,positive_aug
overall not friendly room service.,negative,negation_flip
overall not too friendly room service.,negative,negation_flip
overall not very friendly room service.,negative,negation_flip
overall not so friendly room service.,negative,negation_flip
overall never friendly room service.,negative,negation_flip
overall comfortable room service.,positive,positive_aug
overall not comfortable room service.,negative,negation_flip
overall not too comfortable room service.,negative,negation_flip
overall not very comfortable room service.,negative,negation_flip
overall not so comfortable room service.,negative,negation_flip
overall never comfortable room service.,negative,negation_flip
overall excellent room service.,positive,positive_aug
overall not excellent room service.,negative,negation_flip
overall not too excellent room service.,negative,negation_flip
overall not very excellent room service.,negative,negation_flip
overall not so excellent room service.,negative,negation_flip
overall never excellent room service.,negative,negation_flip
overall good hotel service.,positive,positive_aug
overall not good hotel service.,negative,negation_flip
overall not too good hotel service.,negative,negation_flip
overall not very good hotel service.,negative,negation_flip
overall not so good hotel service.,negative,negation_flip
overall never good hotel service.,negative,negation_flip
overall great hotel service.,positive,positive_aug
overall not great hotel service.,negative,negation_flip
overall not too great hotel service.,negative,negation_flip
overall not very great hotel service.,negative,negation_flip
overall not so great hotel service.,negative,negation_flip
overall never great hotel service.,negative,negation_flip
overall nice hotel service.,positive,positive_aug
overall not nice hotel service.,negative,negation_flip
overall not too nice hotel service.,negative,negation_flip
overall not very nice hotel service.,negative,negation_flip
overall not so nice hotel service.,negative,negation_flip
overall never nice hotel service.,negative,negation_flip
overall clean hotel service.,positive,positive_aug
overall not clean hotel service.,negative,negation_flip
overall not too clean hotel service.,negative,negation_flip
overall not very clean hotel service.,negative,negation_flip
overall not so clean hotel service.,negative,negation_flip
overall never clean hotel service.,negative,negation_flip
overall helpful hotel service.,positive,positive_aug
overall not helpful hotel service.,negative,negation_flip
overall not too helpful hotel service.,negative,negation_flip
overall not very helpful hotel service.,negative,negation_flip
overall not so helpful hotel service.,negative,negation_flip
overall never helpful hotel service.,negative,negation_flip
overall friendly hotel service.,positive,positive_aug
overall not friendly hotel service.,negative,negation_flip
overall not too friendly hotel service.,negative,negation_flip
overall not very friendly hotel service.,negative,negation_flip
overall not so friendly hotel service.,negative,negation_flip
overall never friendly hotel service.,negative,negation_flip
overall comfortable hotel service.,positive,positive_aug
overall not comfortable hotel service.,negative,negation_flip
overall not too comfortable hotel service.,negative,negation_flip
overall not very comfortable hotel service.,negative,negation_flip
overall not so comfortable hotel service.,negative,negation_flip
overall never comfortable hotel service.,negative,negation_flip
overall excellent hotel service.,positive,positive_aug
overall not excellent hotel service.,negative,negation_flip
overall not too excellent hotel service.,negative,negation_flip
overall not very excellent hotel service.,negative,negation_flip
overall not so excellent hotel service.,negative,negation_flip
overall never excellent hotel service.,negative,negation_flip
overall good customer service.,positive,positive_aug
overall not good customer service.,negative,negation_flip
overall not too good customer service.,negative,negation_flip
overall not very good customer service.,negative,negation_flip
overall not so good customer service.,negative,negation_flip
overall never good customer service.,negative,negation_flip
overall great customer service.,positive,positive_aug
overall not great customer service.,negative,negation_flip
overall not too great customer service.,negative,negation_flip
overall not very great customer service.,negative,negation_flip
overall not so great customer service.,negative,negation_flip
overall never great customer service.,negative,negation_flip
overall nice customer service.,positive,positive_aug
overall not nice customer service.,negative,negation_flip
overall not too nice customer service.,negative,negation_flip
overall not very nice customer service.,negative,negation_flip
overall not so nice customer service.,negative,negation_flip
overall never nice customer service.,negative,negation_flip
overall clean customer service.,positive,positive_aug
overall not clean customer service.,negative,negation_flip
overall not too clean customer service.,negative,negation_flip
overall not very clean customer service.,negative,negation_flip
overall not so clean customer service.,negative,negation_flip
overall never clean customer service.,negative,negation_flip
overall helpful customer service.,positive,positive_aug
overall not helpful customer service.,negative,negation_flip
overall not too helpful customer service.,negative,negation_flip
overall not very helpful customer service.,negative,negation_flip
overall not so helpful customer service.,negative,negation_flip
overall never helpful customer service.,negative,negation_flip
overall friendly customer service.,positive,positive_aug
overall not friendly customer service.,negative,negation_flip
overall not too friendly customer service.,negative,negation_flip
overall not very friendly customer service.,negative,negation_flip
overall not so friendly customer service.,negative,negation_flip
overall never friendly customer service.,negative,negation_flip
overall comfortable customer service.,positive,positive_aug
overall not comfortable customer service.,negative,negation_flip
overall not too comfortable customer service.,negative,negation_flip
overall not very comfortable customer service.,negative,negation_flip
overall not so comfortable customer service.,negative,negation_flip
overall never comfortable customer service.,negative,negation_flip
overall excellent customer service.,positive,positive_aug
overall not excellent customer service.,negative,negation_flip
overall not too excellent customer service.,negative,negation_flip
overall not very excellent customer service.,negative,negation_flip
overall not so excellent customer service.,negative,negation_flip
overall never excellent customer service.,negative,negation_flip
overall good the service.,positive,positive_aug
overall not good the service.,negative,negation_flip
overall not too good the service.,negative,negation_flip
overall not very good the service.,negative,negation_flip
overall not so good the service.,negative,negation_flip
overall never good the service.,negative,negation_flip
overall great the service.,positive,positive_aug
overall not great the service.,negative,negation_flip
overall not too great the service.,negative,negation_flip
overall not very great the service.,negative,negation_flip
overall not so great the service.,negative,negation_flip
overall never great the service.,negative,negation_flip
overall nice the service.,positive,positive_aug
overall not nice the service.,negative,negation_flip
overall not too nice the service.,negative,negation_flip
overall not very nice the service.,negative,negation_flip
overall not so nice the service.,negative,negation_flip
overall never nice the service.,negative,negation_flip
overall clean the service.,positive,positive_aug
overall not clean the service.,negative,negation_flip
overall not too clean the service.,negative,negation_flip
overall not very clean the service.,negative,negation_flip
overall not so clean the service.,negative,negation_flip
overall never clean the service.,negative,negation_flip
overall helpful the service.,positive,positive_aug
overall not helpful the service.,negative,negation_flip
overall not too helpful the service.,negative,negation_flip
overall not very helpful the service.,negative,negation_flip
overall not so helpful the service.,negative,negation_flip
overall never helpful the service.,negative,negation_flip
overall friendly the service.,positive,positive_aug
overall not friendly the service.,negative,negation_flip
overall not too friendly the service.,negative,negation_flip
overall not very friendly the service.,negative,negation_flip
overall not so friendly the service.,negative,negation_flip
overall never friendly the service.,negative,negation_flip
overall comfortable the service.,positive,positive_aug
overall not comfortable the service.,negative,negation_flip
overall not too comfortable the service.,negative,negation_flip
overall not very comfortable the service.,negative,negation_flip
overall not so comfortable the service.,negative,negation_flip
overall never comfortable the service.,negative,negation_flip
overall excellent the service.,positive,positive_aug
overall not excellent the service.,negative,negation_flip
overall not too excellent the service.,negative,negation_flip
overall not very excellent the service.,negative,negation_flip
overall not so excellent the service.,negative,negation_flip
overall never excellent the service.,negative,negation_flip
overall good staff.,positive,positive_aug
overall not good staff.,negative,negation_flip
overall not too good staff.,negative,negation_flip
overall not very good staff.,negative,negation_flip
overall not so good staff.,negative,negation_flip
overall never good staff.,negative,negation_flip
overall great staff.,positive,positive_aug
overall not great staff.,negative,negation_flip
overall not too great staff.,negative,negation_flip
overall not very great staff.,negative,negation_flip
overall not so great staff.,negative,negation_flip
overall never great staff.,negative,negation_flip
overall nice staff.,positive,positive_aug
overall not nice staff.,negative,negation_flip
overall not too nice staff.,negative,negation_flip
overall not very nice staff.,negative,negation_flip
overall not so nice staff.,negative,negation_flip
overall never nice staff.,negative,negation_flip
overall clean staff.,positive,positive_aug
overall not clean staff.,negative,negation_flip
overall not too clean staff.,negative,negation_flip
overall not very clean staff.,negative,negation_flip
overall not so clean staff.,negative,negation_flip
overall never clean staff.,negative,negation_flip
overall helpful staff.,positive,positive_aug
overall not helpful staff.,negative,negation_flip
overall not too helpful staff.,negative,negation_flip
overall not very helpful staff.,negative,negation_flip
overall not so helpful staff.,negative,negation_flip
overall never helpful staff.,negative,negation_flip
overall friendly staff.,positive,positive_aug
overall not friendly staff.,negative,negation_flip
overall not too friendly staff.,negative,negation_flip
overall not very friendly staff.,negative,negation_flip
overall not so friendly staff.,negative,negation_flip
overall never friendly staff.,negative,negation_flip
overall comfortable staff.,positive,positive_aug
overall not comfortable staff.,negative,negation_flip
overall not too comfortable staff.,negative,negation_flip
overall not very comfortable staff.,negative,negation_flip
overall not so comfortable staff.,negative,negation_flip
overall never comfortable staff.,negative,negation_flip
overall excellent staff.,positive,positive_aug
overall not excellent staff.,negative,negation_flip
overall not too excellent staff.,negative,negation_flip
overall not very excellent staff.,negative,negation_flip
overall not so excellent staff.,negative,negation_flip
overall never excellent staff.,negative,negation_flip
overall good the staff.,positive,positive_aug
overall not good the staff.,negative,negation_flip
overall not too good the staff.,negative,negation_flip
overall not very good the staff.,negative,negation_flip
overall not so good the staff.,negative,negation_flip
overall never good the staff.,negative,negation_flip
overall great the staff.,positive,positive_aug
overall not great the staff.,negative,negation_flip
overall not too great the staff.,negative,negation_flip
overall not very great the staff.,negative,negation_flip
overall not so great the staff.,negative,negation_flip
overall never great the staff.,negative,negation_flip
overall nice the staff.,positive,positive_aug
overall not nice the staff.,negative,negation_flip
overall not too nice the staff.,negative,negation_flip
overall not very nice the staff.,negative,negation_flip
overall not so nice the staff.,negative,negation_flip
overall never nice the staff.,negative,negation_flip
overall clean the staff.,positive,positive_aug
overall not clean the staff.,negative,negation_flip
overall not too clean the staff.,negative,negation_flip
overall not very clean the staff.,negative,negation_flip
overall not so clean the staff.,negative,negation_flip
overall never clean the staff.,negative,negation_flip
overall helpful the staff.,positive,positive_aug
overall not helpful the staff.,negative,negation_flip
overall not too helpful the staff.,negative,negation_flip
overall not very helpful the staff.,negative,negation_flip
overall not so helpful the staff.,negative,negation_flip
overall never helpful the staff.,negative,negation_flip
overall friendly the staff.,positive,positive_aug
overall not friendly the staff.,negative,negation_flip
overall not too friendly the staff.,negative,negation_flip
overall not very friendly the staff.,negative,negation_flip
overall not so friendly the staff.,negative,negation_flip
overall never friendly the staff.,negative,negation_flip
overall comfortable the staff.,positive,positive_aug
overall not comfortable the staff.,negative,negation_flip
overall not too comfortable the staff.,negative,negation_flip
overall not very comfortable the staff.,negative,negation_flip
overall not so comfortable the staff.,negative,negation_flip
overall never comfortable the staff.,negative,negation_flip
overall excellent the staff.,positive,positive_aug
overall not excellent the staff.,negative,negation_flip
overall not too excellent the staff.,negative,negation_flip
overall not very excellent the staff.,negative,negation_flip
overall not so excellent the staff.,negative,negation_flip
overall never excellent the staff.,negative,negation_flip
overall good room.,positive,positive_aug
overall not good room.,negative,negation_flip
overall not too good room.,negative,negation_flip
overall not very good room.,negative,negation_flip
overall not so good room.,negative,negation_flip
overall never good room.,negative,negation_flip
overall great room.,positive,positive_aug
overall not great room.,negative,negation_flip
overall not too great room.,negative,negation_flip
overall not very great room.,negative,negation_flip
overall not so great room.,negative,negation_flip
overall never great room.,negative,negation_flip
overall nice room.,positive,positive_aug
overall not nice room.,negative,negation_flip
overall not too nice room.,negative,negation_flip
overall not very nice room.,negative,negation_flip
overall not so nice room.,negative,negation_flip
overall never nice room.,negative,negation_flip
overall clean room.,positive,positive_aug
overall not clean room.,negative,negation_flip
overall not too clean room.,negative,negation_flip
overall not very clean room.,negative,negation_flip
overall not so clean room.,negative,negation_flip
overall never clean room.,negative,negation_flip
overall helpful room.,positive,positive_aug
overall not helpful room.,negative,negation_flip
overall not too helpful room.,negative,negation_flip
overall not very helpful room.,negative,negation_flip
overall not so helpful room.,negative,negation_flip
overall never helpful room.,negative,negation_flip
overall friendly room.,positive,positive_aug
overall not friendly room.,negative,negation_flip
overall not too friendly room.,negative,negation_flip
overall not very friendly room.,negative,negation_flip
overall not so friendly room.,negative,negation_flip
overall never friendly room.,negative,negation_flip
overall comfortable room.,positive,positive_aug
overall not comfortable room.,negative,negation_flip
overall not too comfortable room.,negative,negation_flip
overall not very comfortable room.,negative,negation_flip
overall not so comfortable room.,negative,negation_flip
overall never comfortable room.,negative,negation_flip
overall excellent room.,positive,positive_aug
overall not excellent room.,negative,negation_flip
overall not too excellent room.,negative,negation_flip
overall not very excellent room.,negative,negation_flip
overall not so excellent room.,negative,negation_flip
overall never excellent room.,negative,negation_flip
overall good the room.,positive,positive_aug
overall not good the room.,negative,negation_flip
overall not too good the room.,negative,negation_flip
overall not very good the room.,negative,negation_flip
overall not so good the room.,negative,negation_flip
overall never good the room.,negative,negation_flip
overall great the room.,positive,positive_aug
overall not great the room.,negative,negation_flip
overall not too great the room.,negative,negation_flip
overall not very great the room.,negative,negation_flip
overall not so great the room.,negative,negation_flip
overall never great the room.,negative,negation_flip
overall nice the room.,positive,positive_aug
overall not nice the room.,negative,negation_flip
overall not too nice the room.,negative,negation_flip
overall not very nice the room.,negative,negation_flip
overall not so nice the room.,negative,negation_flip
overall never nice the room.,negative,negation_flip
overall clean the room.,positive,positive_aug
overall not clean the room.,negative,negation_flip
overall not too clean the room.,negative,negation_flip
overall not very clean the room.,negative,negation_flip
overall not so clean the room.,negative,negation_flip
overall never clean the room.,negative,negation_flip
overall helpful the room.,positive,positive_aug
overall not helpful the room.,negative,negation_flip
overall not too helpful the room.,negative,negation_flip
overall not very helpful the room.,negative,negation_flip
overall not so helpful the room.,negative,negation_flip
overall never helpful the room.,negative,negation_flip
overall friendly the room.,positive,positive_aug
overall not friendly the room.,negative,negation_flip
overall not too friendly the room.,negative,negation_flip
overall not very friendly the room.,negative,negation_flip
overall not so friendly the room.,negative,negation_flip
overall never friendly the room.,negative,negation_flip
overall comfortable the room.,positive,positive_aug
overall not comfortable the room.,negative,negation_flip
overall not too comfortable the room.,negative,negation_flip
overall not very comfortable the room.,negative,negation_flip
overall not so comfortable the room.,negative,negation_flip
overall never comfortable the room.,negative,negation_flip
overall excellent the room.,positive,positive_aug
overall not excellent the room.,negative,negation_flip
overall not too excellent the room.,negative,negation_flip
overall not very excellent the room.,negative,negation_flip
overall not so excellent the room.,negative,negation_flip
overall never excellent the room.,negative,negation_flip
it is a good service.,positive,positive_aug
it is a not good service.,negative,negation_flip
it is a not too good service.,negative,negation_flip
it is a not very good service.,negative,negation_flip
it is a not so good service.,negative,negation_flip
it is a never good service.,negative,negation_flip
it is a great service.,positive,positive_aug
it is a not great service.,negative,negation_flip
it is a not too great service.,negative,negation_flip
it is a not very great service.,negative,negation_flip
it is a not so great service.,negative,negation_flip
it is a never great service.,negative,negation_flip
it is a nice service.,positive,positive_aug
it is a not nice service.,negative,negation_flip
it is a not too nice service.,negative,negation_flip
it is a not very nice service.,negative,negation_flip
it is a not so nice service.,negative,negation_flip
it is a never nice service.,negative,negation_flip
it is a clean service.,positive,positive_aug
it is a not clean service.,negative,negation_flip
it is a not too clean service.,negative,negation_flip
it is a not very clean service.,negative,negation_flip
it is a not so clean service.,negative,negation_flip
it is a never clean service.,negative,negation_flip
it is a helpful service.,positive,positive_aug
it is a not helpful service.,negative,negation_flip
it is a not too helpful service.,negative,negation_flip
it is a not very helpful service.,negative,negation_flip
it is a not so helpful service.,negative,negation_flip
it is a never helpful service.,negative,negation_flip
it is a friendly service.,positive,positive_aug
it is a not friendly service.,negative,negation_flip
it is a not too friendly service.,negative,negation_flip
it is a not very friendly service.,negative,negation_flip
it is a not so friendly service.,negative,negation_flip
it is a never friendly service.,negative,negation_flip
it is a comfortable service.,positive,positive_aug
it is a not comfortable service.,negative,negation_flip
it is a not too comfortable service.,negative,negation_flip
it is a not very comfortable service.,negative,negation_flip
it is a not so comfortable service.,negative,negation_flip
it is a never comfortable service.,negative,negation_flip
it is a excellent service.,positive,positive_aug
it is a not excellent service.,negative,negation_flip
it is a not too excellent service.,negative,negation_flip
it is a not very excellent service.,negative,negation_flip
it is a not so excellent service.,negative,negation_flip
it is a never excellent service.,negative,negation_flip
it is a good staff service.,positive,positive_aug
it is a not good staff service.,negative,negation_flip
it is a not too good staff service.,negative,negation_flip
it is a not very good staff service.,negative,negation_flip
it is a not so good staff service.,negative,negation_flip
it is a never good staff service.,negative,negation_flip
it is a great staff service.,positive,positive_aug
it is a not great staff service.,negative,negation_flip
it is a not too great staff service.,negative,negation_flip
it is a not very great staff service.,negative,negation_flip
it is a not so great staff service.,negative,negation_flip
it is a never great staff service.,negative,negation_flip
it is a nice staff service.,positive,positive_aug
it is a not nice staff service.,negative,negation_flip
it is a not too nice staff service.,negative,negation_flip
it is a not very nice staff service.,negative,negation_flip
it is a not so nice staff service.,negative,negation_flip
it is a never nice staff service.,negative,negation_flip
it is a clean staff service.,positive,positive_aug
it is a not clean staff service.,negative,negation_flip
it is a not too clean staff service.,negative,negation_flip
it is a not very clean staff service.,negative,negation_flip
it is a not so clean staff service.,negative,negation_flip
it is a never clean staff service.,negative,negation_flip
it is a helpful staff service.,positive,positive_aug
it is a not helpful staff service.,negative,negation_flip
it is a not too helpful staff service.,negative,negation_flip
it is a not very helpful staff service.,negative,negation_flip
it is a not so helpful staff service.,negative,negation_flip
it is a never helpful staff service.,negative,negation_flip
it is a friendly staff service.,positive,positive_aug
it is a not friendly staff service.,negative,negation_flip
it is a not too friendly staff service.,negative,negation_flip
it is a not very friendly staff service.,negative,negation_flip
it is a not so friendly staff service.,negative,negation_flip
it is a never friendly staff service.,negative,negation_flip
it is a comfortable staff service.,positive,positive_aug
it is a not comfortable staff service.,negative,negation_flip
it is a not too comfortable staff service.,negative,negation_flip
it is a not very comfortable staff service.,negative,negation_flip
it is a not so comfortable staff service.,negative,negation_flip
it is a never comfortable staff service.,negative,negation_flip
it is a excellent staff service.,positive,positive_aug
it is a not excellent staff service.,negative,negation_flip
it is a not too excellent staff service.,negative,negation_flip
it is a not very excellent staff service.,negative,negation_flip
it is a not so excellent staff service.,negative,negation_flip
it is a never excellent staff service.,negative,negation_flip
it is a good room service.,positive,positive_aug
it is a not good room service.,negative,negation_flip
it is a not too good room service.,negative,negation_flip
it is a not very good room service.,negative,negation_flip
it is a not so good room service.,negative,negation_flip
it is a never good room service.,negative,negation_flip
it is a great room service.,positive,positive_aug
it is a not great room service.,negative,negation_flip
it is a not too great room service.,negative,negation_flip
it is a not very great room service.,negative,negation_flip
it is a not so great room service.,negative,negation_flip
it is a never great room service.,negative,negation_flip
it is a nice room service.,positive,positive_aug
it is a not nice room service.,negative,negation_flip
it is a not too nice room service.,negative,negation_flip
it is a not very nice room service.,negative,negation_flip
it is a not so nice room service.,negative,negation_flip
it is a never nice room service.,negative,negation_flip
it is a clean room service.,positive,positive_aug
it is a not clean room service.,negative,negation_flip
it is a not too clean room service.,negative,negation_flip
it is a not very clean room service.,negative,negation_flip
it is a not so clean room service.,negative,negation_flip
it is a never clean room service.,negative,negation_flip
it is a helpful room service.,positive,positive_aug
it is a not helpful room service.,negative,negation_flip
it is a not too helpful room service.,negative,negation_flip
it is a not very helpful room service.,negative,negation_flip
it is a not so helpful room service.,negative,negation_flip
it is a never helpful room service.,negative,negation_flip
it is a friendly room service.,positive,positive_aug
it is a not friendly room service.,negative,negation_flip
it is a not too friendly room service.,negative,negation_flip
it is a not very friendly room service.,negative,negation_flip
it is a not so friendly room service.,negative,negation_flip
it is a never friendly room service.,negative,negation_flip
it is a comfortable room service.,positive,positive_aug
it is a not comfortable room service.,negative,negation_flip
it is a not too comfortable room service.,negative,negation_flip
it is a not very comfortable room service.,negative,negation_flip
it is a not so comfortable room service.,negative,negation_flip
it is a never comfortable room service.,negative,negation_flip
it is a excellent room service.,positive,positive_aug
it is a not excellent room service.,negative,negation_flip
it is a not too excellent room service.,negative,negation_flip
it is a not very excellent room service.,negative,negation_flip
it is a not so excellent room service.,negative,negation_flip
it is a never excellent room service.,negative,negation_flip
it is a good hotel service.,positive,positive_aug
it is a not good hotel service.,negative,negation_flip
it is a not too good hotel service.,negative,negation_flip
it is a not very good hotel service.,negative,negation_flip
it is a not so good hotel service.,negative,negation_flip
it is a never good hotel service.,negative,negation_flip
it is a great hotel service.,positive,positive_aug
it is a not great hotel service.,negative,negation_flip
it is a not too great hotel service.,negative,negation_flip
it is a not very great hotel service.,negative,negation_flip
it is a not so great hotel service.,negative,negation_flip
it is a never great hotel service.,negative,negation_flip
it is a nice hotel service.,positive,positive_aug
it is a not nice hotel service.,negative,negation_flip
it is a not too nice hotel service.,negative,negation_flip
it is a not very nice hotel service.,negative,negation_flip
it is a not so nice hotel service.,negative,negation_flip
it is a never nice hotel service.,negative,negation_flip
it is a clean hotel service.,positive,positive_aug
it is a not clean hotel service.,negative,negation_flip
it is a not too clean hotel service.,negative,negation_flip
it is a not very clean hotel service.,negative,negation_flip
it is a not so clean hotel service.,negative,negation_flip
it is a never clean hotel service.,negative,negation_flip
it is a helpful hotel service.,positive,positive_aug
it is a not helpful hotel service.,negative,negation_flip
it is a not too helpful hotel service.,negative,negation_flip
it is a not very helpful hotel service.,negative,negation_flip
it is a not so helpful hotel service.,negative,negation_flip
it is a never helpful hotel service.,negative,negation_flip
it is a friendly hotel service.,positive,positive_aug
it is a not friendly hotel service.,negative,negation_flip
it is a not too friendly hotel service.,negative,negation_flip
it is a not very friendly hotel service.,negative,negation_flip
it is a not so friendly hotel service.,negative,negation_flip
it is a never friendly hotel service.,negative,negation_flip
it is a comfortable hotel service.,positive,positive_aug
it is a not comfortable hotel service.,negative,negation_flip
it is a not too comfortable hotel service.,negative,negation_flip
it is a not very comfortable hotel service.,negative,negation_flip
it is a not so comfortable hotel service.,negative,negation_flip
it is a never comfortable hotel service.,negative,negation_flip
it is a excellent hotel service.,positive,positive_aug
it is a not excellent hotel service.,negative,negation_flip
it is a not too excellent hotel service.,negative,negation_flip
it is a not very excellent hotel service.,negative,negation_flip
it is a not so excellent hotel service.,negative,negation_flip
it is a never excellent hotel service.,negative,negation_flip
it is a good customer service.,positive,positive_aug
it is a not good customer service.,negative,negation_flip
it is a not too good customer service.,negative,negation_flip
it is a not very good customer service.,negative,negation_flip
it is a not so good customer service.,negative,negation_flip
it is a never good customer service.,negative,negation_flip
it is a great customer service.,positive,positive_aug
it is a not great customer service.,negative,negation_flip
it is a not too great customer service.,negative,negation_flip
it is a not very great customer service.,negative,negation_flip
it is a not so great customer service.,negative,negation_flip
it is a never great customer service.,negative,negation_flip
it is a nice customer service.,positive,positive_aug
it is a not nice customer service.,negative,negation_flip
it is a not too nice customer service.,negative,negation_flip
it is a not very nice customer service.,negative,negation_flip
it is a not so nice customer service.,negative,negation_flip
it is a never nice customer service.,negative,negation_flip
it is a clean customer service.,positive,positive_aug
it is a not clean customer service.,negative,negation_flip
it is a not too clean customer service.,negative,negation_flip
it is a not very clean customer service.,negative,negation_flip
it is a not so clean customer service.,negative,negation_flip
it is a never clean customer service.,negative,negation_flip
it is a helpful customer service.,positive,positive_aug
it is a not helpful customer service.,negative,negation_flip
it is a not too helpful customer service.,negative,negation_flip
it is a not very helpful customer service.,negative,negation_flip
it is a not so helpful customer service.,negative,negation_flip
it is a never helpful customer service.,negative,negation_flip
it is a friendly customer service.,positive,positive_aug
it is a not friendly customer service.,negative,negation_flip
it is a not too friendly customer service.,negative,negation_flip
it is a not very friendly customer service.,negative,negation_flip
it is a not so friendly customer service.,negative,negation_flip
it is a never friendly customer service.,negative,negation_flip
it is a comfortable customer service.,positive,positive_aug
it is a not comfortable customer service.,negative,negation_flip
it is a not too comfortable customer service.,negative,negation_flip
it is a not very comfortable customer service.,negative,negation_flip
it is a not so comfortable customer service.,negative,negation_flip
it is a never comfortable customer service.,negative,negation_flip
it is a excellent customer service.,positive,positive_aug
it is a not excellent customer service.,negative,negation_flip
it is a not too excellent customer service.,negative,negation_flip
it is a not very excellent customer service.,negative,negation_flip
it is a not so excellent customer service.,negative,negation_flip
it is a never excellent customer service.,negative,negation_flip
it is a good the service.,positive,positive_aug
it is a not good the service.,negative,negation_flip
it is a not too good the service.,negative,negation_flip
it is a not very good the service.,negative,negation_flip
it is a not so good the service.,negative,negation_flip
it is a never good the service.,negative,negation_flip
it is a great the service.,positive,positive_aug
it is a not great the service.,negative,negation_flip
it is a not too great the service.,negative,negation_flip
it is a not very great the service.,negative,negation_flip
it is a not so great the service.,negative,negation_flip
it is a never great the service.,negative,negation_flip
it is a nice the service.,positive,positive_aug
it is a not nice the service.,negative,negation_flip
it is a not too nice the service.,negative,negation_flip
it is a not very nice the service.,negative,negation_flip
it is a not so nice the service.,negative,negation_flip
it is a never nice the service.,negative,negation_flip
it is a clean the service.,positive,positive_aug
it is a not clean the service.,negative,negation_flip
it is a not too clean the service.,negative,negation_flip
it is a not very clean the service.,negative,negation_flip
it is a not so clean the service.,negative,negation_flip
it is a never clean the service.,negative,negation_flip
it is a helpful the service.,positive,positive_aug
it is a not helpful the service.,negative,negation_flip
it is a not too helpful the service.,negative,negation_flip
it is a not very helpful the service.,negative,negation_flip
it is a not so helpful the service.,negative,negation_flip
it is a never helpful the service.,negative,negation_flip
it is a friendly the service.,positive,positive_aug
it is a not friendly the service.,negative,negation_flip
it is a not too friendly the service.,negative,negation_flip
it is a not very friendly the service.,negative,negation_flip
it is a not so friendly the service.,negative,negation_flip
it is a never friendly the service.,negative,negation_flip
it is a comfortable the service.,positive,positive_aug
it is a not comfortable the service.,negative,negation_flip
it is a not too comfortable the service.,negative,negation_flip
it is a not very comfortable the service.,negative,negation_flip
it is a not so comfortable the service.,negative,negation_flip
it is a never comfortable the service.,negative,negation_flip
it is a excellent the service.,positive,positive_aug
it is a not excellent the service.,negative,negation_flip
it is a not too excellent the service.,negative,negation_flip
it is a not very excellent the service.,negative,negation_flip
it is a not so excellent the service.,negative,negation_flip
it is a never excellent the service.,negative,negation_flip
it is a good staff.,positive,positive_aug
it is a not good staff.,negative,negation_flip
it is a not too good staff.,negative,negation_flip
it is a not very good staff.,negative,negation_flip
it is a not so good staff.,negative,negation_flip
it is a never good staff.,negative,negation_flip
it is a great staff.,positive,positive_aug
it is a not great staff.,negative,negation_flip
it is a not too great staff.,negative,negation_flip
it is a not very great staff.,negative,negation_flip
it is a not so great staff.,negative,negation_flip
it is a never great staff.,negative,negation_flip
it is a nice staff.,positive,positive_aug
it is a not nice staff.,negative,negation_flip
it is a not too nice staff.,negative,negation_flip
it is a not very nice staff.,negative,negation_flip
it is a not so nice staff.,negative,negation_flip
it is a never nice staff.,negative,negation_flip
it is a clean staff.,positive,positive_aug
it is a not clean staff.,negative,negation_flip
it is a not too clean staff.,negative,negation_flip
it is a not very clean staff.,negative,negation_flip
it is a not so clean staff.,negative,negation_flip
it is a never clean staff.,negative,negation_flip
it is a helpful staff.,positive,positive_aug
it is a not helpful staff.,negative,negation_flip
it is a not too helpful staff.,negative,negation_flip
it is a not very helpful staff.,negative,negation_flip
it is a not so helpful staff.,negative,negation_flip
it is a never helpful staff.,negative,negation_flip
it is a friendly staff.,positive,positive_aug
it is a not friendly staff.,negative,negation_flip
it is a not too friendly staff.,negative,negation_flip
it is a not very friendly staff.,negative,negation_flip
it is a not so friendly staff.,negative,negation_flip
it is a never friendly staff.,negative,negation_flip
it is a comfortable staff.,positive,positive_aug
it is a not comfortable staff.,negative,negation_flip
it is a not too comfortable staff.,negative,negation_flip
it is a not very comfortable staff.,negative,negation_flip
it is a not so comfortable staff.,negative,negation_flip
it is a never comfortable staff.,negative,negation_flip
it is a excellent staff.,positive,positive_aug
it is a not excellent staff.,negative,negation_flip
it is a not too excellent staff.,negative,negation_flip
it is a not very excellent staff.,negative,negation_flip
it is a not so excellent staff.,negative,negation_flip
it is a never excellent staff.,negative,negation_flip
it is a good the staff.,positive,positive_aug
it is a not good the staff.,negative,negation_flip
it is a not too good the staff.,negative,negation_flip
it is a not very good the staff.,negative,negation_flip
it is a not so good the staff.,negative,negation_flip
it is a never good the staff.,negative,negation_flip
it is a great the staff.,positive,positive_aug
it is a not great the staff.,negative,negation_flip
it is a not too great the staff.,negative,negation_flip
it is a not very great the staff.,negative,negation_flip
it is a not so great the staff.,negative,negation_flip
it is a never great the staff.,negative,negation_flip
it is a nice the staff.,positive,positive_aug
it is a not nice the staff.,negative,negation_flip
it is a not too nice the staff.,negative,negation_flip
it is a not very nice the staff.,negative,negation_flip
it is a not so nice the staff.,negative,negation_flip
it is a never nice the staff.,negative,negation_flip
it is a clean the staff.,positive,positive_aug
it is a not clean the staff.,negative,negation_flip
it is a not too clean the staff.,negative,negation_flip
it is a not very clean the staff.,negative,negation_flip
it is a not so clean the staff.,negative,negation_flip
it is a never clean the staff.,negative,negation_flip
it is a helpful the staff.,positive,positive_aug
it is a not helpful the staff.,negative,negation_flip
it is a not too helpful the staff.,negative,negation_flip
it is a not very helpful the staff.,negative,negation_flip
it is a not so helpful the staff.,negative,negation_flip
it is a never helpful the staff.,negative,negation_flip
it is a friendly the staff.,positive,positive_aug
it is a not friendly the staff.,negative,negation_flip
it is a not too friendly the staff.,negative,negation_flip
it is a not very friendly the staff.,negative,negation_flip
it is a not so friendly the staff.,negative,negation_flip
it is a never friendly the staff.,negative,negation_flip
it is a comfortable the staff.,positive,positive_aug
it is a not comfortable the staff.,negative,negation_flip
it is a not too comfortable the staff.,negative,negation_flip
it is a not very comfortable the staff.,negative,negation_flip
it is a not so comfortable the staff.,negative,negation_flip
it is a never comfortable the staff.,negative,negation_flip
it is a excellent the staff.,positive,positive_aug
it is a not excellent the staff.,negative,negation_flip
it is a not too excellent the staff.,negative,negation_flip
it is a not very excellent the staff.,negative,negation_flip
it is a not so excellent the staff.,negative,negation_flip
it is a never excellent the staff.,negative,negation_flip
it is a good room.,positive,positive_aug
it is a not good room.,negative,negation_flip
it is a not too good room.,negative,negation_flip
it is a not very good room.,negative,negation_flip
it is a not so good room.,negative,negation_flip
it is a never good room.,negative,negation_flip
it is a great room.,positive,positive_aug
it is a not great room.,negative,negation_flip
it is a not too great room.,negative,negation_flip
it is a not very great room.,negative,negation_flip
it is a not so great room.,negative,negation_flip
it is a never great room.,negative,negation_flip
it is a nice room.,positive,positive_aug
it is a not nice room.,negative,negation_flip
it is a not too nice room.,negative,negation_flip
it is a not very nice room.,negative,negation_flip
it is a not so nice room.,negative,negation_flip
it is a never nice room.,negative,negation_flip
it is a clean room.,positive,positive_aug
it is a not clean room.,negative,negation_flip
it is a not too clean room.,negative,negation_flip
it is a not very clean room.,negative,negation_flip
it is a not so clean room.,negative,negation_flip
it is a never clean room.,negative,negation_flip
it is a helpful room.,positive,positive_aug
it is a not helpful room.,negative,negation_flip
it is a not too helpful room.,negative,negation_flip
it is a not very helpful room.,negative,negation_flip
it is a not so helpful room.,negative,negation_flip
it is a never helpful room.,negative,negation_flip
it is a friendly room.,positive,positive_aug
it is a not friendly room.,negative,negation_flip
it is a not too friendly room.,negative,negation_flip
it is a not very friendly room.,negative,negation_flip
it is a not so friendly room.,negative,negation_flip
it is a never friendly room.,negative,negation_flip
it is a comfortable room.,positive,positive_aug
it is a not comfortable room.,negative,negation_flip
it is a not too comfortable room.,negative,negation_flip
it is a not very comfortable room.,negative,negation_flip
it is a not so comfortable room.,negative,negation_flip
it is a never comfortable room.,negative,negation_flip
it is a excellent room.,positive,positive_aug
it is a not excellent room.,negative,negation_flip
it is a not too excellent room.,negative,negation_flip
it is a not very excellent room.,negative,negation_flip
it is a not so excellent room.,negative,negation_flip
it is a never excellent room.,negative,negation_flip
it is a good the room.,positive,positive_aug
it is a not good the room.,negative,negation_flip
it is a not too good the room.,negative,negation_flip
it is a not very good the room.,negative,negation_flip
it is a not so good the room.,negative,negation_flip
it is a never good the room.,negative,negation_flip
it is a great the room.,positive,positive_aug
it is a not great the room.,negative,negation_flip
it is a not too great the room.,negative,negation_flip
it is a not very great the room.,negative,negation_flip
it is a not so great the room.,negative,negation_flip
it is a never great the room.,negative,negation_flip
it is a nice the room.,positive,positive_aug
it is a not nice the room.,negative,negation_flip
it is a not too nice the room.,negative,negation_flip
it is a not very nice the room.,negative,negation_flip
it is a not so nice the room.,negative,negation_flip
it is a never nice the room.,negative,negation_flip
it is a clean the room.,positive,positive_aug
it is a not clean the room.,negative,negation_flip
it is a not too clean the room.,negative,negation_flip
it is a not very clean the room.,negative,negation_flip
it is a not so clean the room.,negative,negation_flip
it is a never clean the room.,negative,negation_flip
it is a helpful the room.,positive,positive_aug
it is a not helpful the room.,negative,negation_flip
it is a not too helpful the room.,negative,negation_flip
it is a not very helpful the room.,negative,negation_flip
it is a not so helpful the room.,negative,negation_flip
it is a never helpful the room.,negative,negation_flip
it is a friendly the room.,positive,positive_aug
it is a not friendly the room.,negative,negation_flip
it is a not too friendly the room.,negative,negation_flip
it is a not very friendly the room.,negative,negation_flip
it is a not so friendly the room.,negative,negation_flip
it is a never friendly the room.,negative,negation_flip
it is a comfortable the room.,positive,positive_aug
it is a not comfortable the room.,negative,negation_flip
it is a not too comfortable the room.,negative,negation_flip
it is a not very comfortable the room.,negative,negation_flip
it is a not so comfortable the room.,negative,negation_flip
it is a never comfortable the room.,negative,negation_flip
it is a excellent the room.,positive,positive_aug
it is a not excellent the room.,negative,negation_flip
it is a not too excellent the room.,negative,negation_flip
it is a not very excellent the room.,negative,negation_flip
it is a not so excellent the room.,negative,negation_flip
it is a never excellent the room.,negative,negation_flip
it's a good service.,positive,positive_aug
it's a not good service.,negative,negation_flip
it's a not too good service.,negative,negation_flip
it's a not very good service.,negative,negation_flip
it's a not so good service.,negative,negation_flip
it's a never good service.,negative,negation_flip
it's a great service.,positive,positive_aug
it's a not great service.,negative,negation_flip
it's a not too great service.,negative,negation_flip
it's a not very great service.,negative,negation_flip
it's a not so great service.,negative,negation_flip
it's a never great service.,negative,negation_flip
it's a nice service.,positive,positive_aug
it's a not nice service.,negative,negation_flip
it's a not too nice service.,negative,negation_flip
it's a not very nice service.,negative,negation_flip
it's a not so nice service.,negative,negation_flip
it's a never nice service.,negative,negation_flip
it's a clean service.,positive,positive_aug
it's a not clean service.,negative,negation_flip
it's a not too clean service.,negative,negation_flip
it's a not very clean service.,negative,negation_flip
it's a not so clean service.,negative,negation_flip
it's a never clean service.,negative,negation_flip
it's a helpful service.,positive,positive_aug
it's a not helpful service.,negative,negation_flip
it's a not too helpful service.,negative,negation_flip
it's a not very helpful service.,negative,negation_flip
it's a not so helpful service.,negative,negation_flip
it's a never helpful service.,negative,negation_flip
it's a friendly service.,positive,positive_aug
it's a not friendly service.,negative,negation_flip
it's a not too friendly service.,negative,negation_flip
it's a not very friendly service.,negative,negation_flip
it's a not so friendly service.,negative,negation_flip
it's a never friendly service.,negative,negation_flip
it's a comfortable service.,positive,positive_aug
it's a not comfortable service.,negative,negation_flip
it's a not too comfortable service.,negative,negation_flip
it's a not very comfortable service.,negative,negation_flip
it's a not so comfortable service.,negative,negation_flip
it's a never comfortable service.,negative,negation_flip
it's a excellent service.,positive,positive_aug
it's a not excellent service.,negative,negation_flip
it's a not too excellent service.,negative,negation_flip
it's a not very excellent service.,negative,negation_flip
it's a not so excellent service.,negative,negation_flip
it's a never excellent service.,negative,negation_flip
it's a good staff service.,positive,positive_aug
it's a not good staff service.,negative,negation_flip
it's a not too good staff service.,negative,negation_flip
it's a not very good staff service.,negative,negation_flip
it's a not so good staff service.,negative,negation_flip
it's a never good staff service.,negative,negation_flip
it's a great staff service.,positive,positive_aug
it's a not great staff service.,negative,negation_flip
it's a not too great staff service.,negative,negation_flip
it's a not very great staff service.,negative,negation_flip
it's a not so great staff service.,negative,negation_flip
it's a never great staff service.,negative,negation_flip
it's a nice staff service.,positive,positive_aug
it's a not nice staff service.,negative,negation_flip
it's a not too nice staff service.,negative,negation_flip
it's a not very nice staff service.,negative,negation_flip
it's a not so nice staff service.,negative,negation_flip
it's a never nice staff service.,negative,negation_flip
it's a clean staff service.,positive,positive_aug
it's a not clean staff service.,negative,negation_flip
it's a not too clean staff service.,negative,negation_flip
it's a not very clean staff service.,negative,negation_flip
it's a not so clean staff service.,negative,negation_flip
it's a never clean staff service.,negative,negation_flip
it's a helpful staff service.,positive,positive_aug
it's a not helpful staff service.,negative,negation_flip
it's a not too helpful staff service.,negative,negation_flip
it's a not very helpful staff service.,negative,negation_flip
it's a not so helpful staff service.,negative,negation_flip
it's a never helpful staff service.,negative,negation_flip
it's a friendly staff service.,positive,positive_aug
it's a not friendly staff service.,negative,negation_flip
it's a not too friendly staff service.,negative,negation_flip
it's a not very friendly staff service.,negative,negation_flip
it's a not so friendly staff service.,negative,negation_flip
it's a never friendly staff service.,negative,negation_flip
it's a comfortable staff service.,positive,positive_aug
it's a not comfortable staff service.,negative,negation_flip
it's a not too comfortable staff service.,negative,negation_flip
it's a not very comfortable staff service.,negative,negation_flip
it's a not so comfortable staff service.,negative,negation_flip
it's a never comfortable staff service.,negative,negation_flip
it's a excellent staff service.,positive,positive_aug
it's a not excellent staff service.,negative,negation_flip
it's a not too excellent staff service.,negative,negation_flip
it's a not very excellent staff service.,negative,negation_flip
it's a not so excellent staff service.,negative,negation_flip
it's a never excellent staff service.,negative,negation_flip
it's a good room service.,positive,positive_aug
it's a not good room service.,negative,negation_flip
it's a not too good room service.,negative,negation_flip
it's a not very good room service.,negative,negation_flip
it's a not so good room service.,negative,negation_flip
it's a never good room service.,negative,negation_flip
it's a great room service.,positive,positive_aug
it's a not great room service.,negative,negation_flip
it's a not too great room service.,negative,negation_flip
it's a not very great room service.,negative,negation_flip
it's a not so great room service.,negative,negation_flip
it's a never great room service.,negative,negation_flip
it's a nice room service.,positive,positive_aug
it's a not nice room service.,negative,negation_flip
it's a not too nice room service.,negative,negation_flip
it's a not very nice room service.,negative,negation_flip
it's a not so nice room service.,negative,negation_flip
it's a never nice room service.,negative,negation_flip
it's a clean room service.,positive,positive_aug
it's a not clean room service.,negative,negation_flip
it's a not too clean room service.,negative,negation_flip
it's a not very clean room service.,negative,negation_flip
it's a not so clean room service.,negative,negation_flip
it's a never clean room service.,negative,negation_flip
it's a helpful room service.,positive,positive_aug
it's a not helpful room service.,negative,negation_flip
it's a not too helpful room service.,negative,negation_flip
it's a not very helpful room service.,negative,negation_flip
it's a not so helpful room service.,negative,negation_flip
it's a never helpful room service.,negative,negation_flip
it's a friendly room service.,positive,positive_aug
it's a not friendly room service.,negative,negation_flip
it's a not too friendly room service.,negative,negation_flip
it's a not very friendly room service.,negative,negation_flip
it's a not so friendly room service.,negative,negation_flip
it's a never friendly room service.,negative,negation_flip
it's a comfortable room service.,positive,positive_aug
it's a not comfortable room service.,negative,negation_flip
it's a not too comfortable room service.,negative,negation_flip
it's a not very comfortable room service.,negative,negation_flip
it's a not so comfortable room service.,negative,negation_flip
it's a never comfortable room service.,negative,negation_flip
it's a excellent room service.,positive,positive_aug
it's a not excellent room service.,negative,negation_flip
it's a not too excellent room service.,negative,negation_flip
it's a not very excellent room service.,negative,negation_flip
it's a not so excellent room service.,negative,negation_flip
it's a never excellent room service.,negative,negation_flip
it's a good hotel service.,positive,positive_aug
it's a not good hotel service.,negative,negation_flip
it's a not too good hotel service.,negative,negation_flip
it's a not very good hotel service.,negative,negation_flip
it's a not so good hotel service.,negative,negation_flip
it's a never good hotel service.,negative,negation_flip
it's a great hotel service.,positive,positive_aug
it's a not great hotel service.,negative,negation_flip
it's a not too great hotel service.,negative,negation_flip
it's a not very great hotel service.,negative,negation_flip
it's a not so great hotel service.,negative,negation_flip
it's a never great hotel service.,negative,negation_flip
it's a nice hotel service.,positive,positive_aug
it's a not nice hotel service.,negative,negation_flip
it's a not too nice hotel service.,negative,negation_flip
it's a not very nice hotel service.,negative,negation_flip
it's a not so nice hotel service.,negative,negation_flip
it's a never nice hotel service.,negative,negation_flip
it's a clean hotel service.,positive,positive_aug
it's a not clean hotel service.,negative,negation_flip
it's a not too clean hotel service.,negative,negation_flip
it's a not very clean hotel service.,negative,negation_flip
it's a not so clean hotel service.,negative,negation_flip
it's a never clean hotel service.,negative,negation_flip
it's a helpful hotel service.,positive,positive_aug
it's a not helpful hotel service.,negative,negation_flip
it's a not too helpful hotel service.,negative,negation_flip
it's a not very helpful hotel service.,negative,negation_flip
it's a not so helpful hotel service.,negative,negation_flip
it's a never helpful hotel service.,negative,negation_flip
it's a friendly hotel service.,positive,positive_aug
it's a not friendly hotel service.,negative,negation_flip
it's a not too friendly hotel service.,negative,negation_flip
it's a not very friendly hotel service.,negative,negation_flip
it's a not so friendly hotel service.,negative,negation_flip
it's a never friendly hotel service.,negative,negation_flip
it's a comfortable hotel service.,positive,positive_aug
it's a not comfortable hotel service.,negative,negation_flip
it's a not too comfortable hotel service.,negative,negation_flip
it's a not very comfortable hotel service.,negative,negation_flip
it's a not so comfortable hotel service.,negative,negation_flip
it's a never comfortable hotel service.,negative,negation_flip
it's a excellent hotel service.,positive,positive_aug
it's a not excellent hotel service.,negative,negation_flip
it's a not too excellent hotel service.,negative,negation_flip
it's a not very excellent hotel service.,negative,negation_flip
it's a not so excellent hotel service.,negative,negation_flip
it's a never excellent hotel service.,negative,negation_flip
it's a good customer service.,positive,positive_aug
it's a not good customer service.,negative,negation_flip
it's a not too good customer service.,negative,negation_flip
it's a not very good customer service.,negative,negation_flip
it's a not so good customer service.,negative,negation_flip
it's a never good customer service.,negative,negation_flip
it's a great customer service.,positive,positive_aug
it's a not great customer service.,negative,negation_flip
it's a not too great customer service.,negative,negation_flip
it's a not very great customer service.,negative,negation_flip
it's a not so great customer service.,negative,negation_flip
it's a never great customer service.,negative,negation_flip
it's a nice customer service.,positive,positive_aug
it's a not nice customer service.,negative,negation_flip
it's a not too nice customer service.,negative,negation_flip
it's a not very nice customer service.,negative,negation_flip
it's a not so nice customer service.,negative,negation_flip
it's a never nice customer service.,negative,negation_flip
it's a clean customer service.,positive,positive_aug
it's a not clean customer service.,negative,negation_flip
it's a not too clean customer service.,negative,negation_flip
it's a not very clean customer service.,negative,negation_flip
it's a not so clean customer service.,negative,negation_flip
it's a never clean customer service.,negative,negation_flip
it's a helpful customer service.,positive,positive_aug
it's a not helpful customer service.,negative,negation_flip
it's a not too helpful customer service.,negative,negation_flip
it's a not very helpful customer service.,negative,negation_flip
it's a not so helpful customer service.,negative,negation_flip
it's a never helpful customer service.,negative,negation_flip
it's a friendly customer service.,positive,positive_aug
it's a not friendly customer service.,negative,negation_flip
it's a not too friendly customer service.,negative,negation_flip
it's a not very friendly customer service.,negative,negation_flip
it's a not so friendly customer service.,negative,negation_flip
it's a never friendly customer service.,negative,negation_flip
it's a comfortable customer service.,positive,positive_aug
it's a not comfortable customer service.,negative,negation_flip
it's a not too comfortable customer service.,negative,negation_flip
it's a not very comfortable customer service.,negative,negation_flip
it's a not so comfortable customer service.,negative,negation_flip
it's a never comfortable customer service.,negative,negation_flip
it's a excellent customer service.,positive,positive_aug
it's a not excellent customer service.,negative,negation_flip
it's a not too excellent customer service.,negative,negation_flip
it's a not very excellent customer service.,negative,negation_flip
it's a not so excellent customer service.,negative,negation_flip
it's a never excellent customer service.,negative,negation_flip
it's a good the service.,positive,positive_aug
it's a not good the service.,negative,negation_flip
it's a not too good the service.,negative,negation_flip
it's a not very good the service.,negative,negation_flip
it's a not so good the service.,negative,negation_flip
it's a never good the service.,negative,negation_flip
it's a great the service.,positive,positive_aug
it's a not great the service.,negative,negation_flip
it's a not too great the service.,negative,negation_flip
it's a not very great the service.,negative,negation_flip
it's a not so great the service.,negative,negation_flip
it's a never great the service.,negative,negation_flip
it's a nice the service.,positive,positive_aug
it's a not nice the service.,negative,negation_flip
it's a not too nice the service.,negative,negation_flip
it's a not very nice the service.,negative,negation_flip
it's a not so nice the service.,negative,negation_flip
it's a never nice the service.,negative,negation_flip
it's a clean the service.,positive,positive_aug
it's a not clean the service.,negative,negation_flip
it's a not too clean the service.,negative,negation_flip
it's a not very clean the service.,negative,negation_flip
it's a not so clean the service.,negative,negation_flip
it's a never clean the service.,negative,negation_flip
it's a helpful the service.,positive,positive_aug
it's a not helpful the service.,negative,negation_flip
it's a not too helpful the service.,negative,negation_flip
it's a not very helpful the service.,negative,negation_flip
it's a not so helpful the service.,negative,negation_flip
it's a never helpful the service.,negative,negation_flip
it's a friendly the service.,positive,positive_aug
it's a not friendly the service.,negative,negation_flip
it's a not too friendly the service.,negative,negation_flip
it's a not very friendly the service.,negative,negation_flip
it's a not so friendly the service.,negative,negation_flip
it's a never friendly the service.,negative,negation_flip
it's a comfortable the service.,positive,positive_aug
it's a not comfortable the service.,negative,negation_flip
it's a not too comfortable the service.,negative,negation_flip
it's a not very comfortable the service.,negative,negation_flip
it's a not so comfortable the service.,negative,negation_flip
it's a never comfortable the service.,negative,negation_flip
it's a excellent the service.,positive,positive_aug
it's a not excellent the service.,negative,negation_flip
it's a not too excellent the service.,negative,negation_flip
it's a not very excellent the service.,negative,negation_flip
it's a not so excellent the service.,negative,negation_flip
it's a never excellent the service.,negative,negation_flip
it's a good staff.,positive,positive_aug
it's a not good staff.,negative,negation_flip
it's a not too good staff.,negative,negation_flip
it's a not very good staff.,negative,negation_flip
it's a not so good staff.,negative,negation_flip
it's a never good staff.,negative,negation_flip
it's a great staff.,positive,positive_aug
it's a not great staff.,negative,negation_flip
it's a not too great staff.,negative,negation_flip
it's a not very great staff.,negative,negation_flip
it's a not so great staff.,negative,negation_flip
it's a never great staff.,negative,negation_flip
it's a nice staff.,positive,positive_aug
it's a not nice staff.,negative,negation_flip
it's a not too nice staff.,negative,negation_flip
it's a not very nice staff.,negative,negation_flip
it's a not so nice staff.,negative,negation_flip
it's a never nice staff.,negative,negation_flip
it's a clean staff.,positive,positive_aug
it's a not clean staff.,negative,negation_flip
it's a not too clean staff.,negative,negation_flip
it's a not very clean staff.,negative,negation_flip
it's a not so clean staff.,negative,negation_flip
it's a never clean staff.,negative,negation_flip
it's a helpful staff.,positive,positive_aug
it's a not helpful staff.,negative,negation_flip
it's a not too helpful staff.,negative,negation_flip
it's a not very helpful staff.,negative,negation_flip
it's a not so helpful staff.,negative,negation_flip
it's a never helpful staff.,negative,negation_flip
it's a friendly staff.,positive,positive_aug
it's a not friendly staff.,negative,negation_flip
it's a not too friendly staff.,negative,negation_flip
it's a not very friendly staff.,negative,negation_flip
it's a not so friendly staff.,negative,negation_flip
it's a never friendly staff.,negative,negation_flip
it's a comfortable staff.,positive,positive_aug
it's a not comfortable staff.,negative,negation_flip
it's a not too comfortable staff.,negative,negation_flip
it's a not very comfortable staff.,negative,negation_flip
it's a not so comfortable staff.,negative,negation_flip
it's a never comfortable staff.,negative,negation_flip
it's a excellent staff.,positive,positive_aug
it's a not excellent staff.,negative,negation_flip
it's a not too excellent staff.,negative,negation_flip
it's a not very excellent staff.,negative,negation_flip
it's a not so excellent staff.,negative,negation_flip
it's a never excellent staff.,negative,negation_flip
it's a good the staff.,positive,positive_aug
it's a not good the staff.,negative,negation_flip
it's a not too good the staff.,negative,negation_flip
it's a not very good the staff.,negative,negation_flip
it's a not so good the staff.,negative,negation_flip
it's a never good the staff.,negative,negation_flip
it's a great the staff.,positive,positive_aug
it's a not great the staff.,negative,negation_flip
it's a not too great the staff.,negative,negation_flip
it's a not very great the staff.,negative,negation_flip
it's a not so great the staff.,negative,negation_flip
it's a never great the staff.,negative,negation_flip
it's a nice the staff.,positive,positive_aug
it's a not nice the staff.,negative,negation_flip
it's a not too nice the staff.,negative,negation_flip
it's a not very nice the staff.,negative,negation_flip
it's a not so nice the staff.,negative,negation_flip
it's a never nice the staff.,negative,negation_flip
it's a clean the staff.,positive,positive_aug
it's a not clean the staff.,negative,negation_flip
it's a not too clean the staff.,negative,negation_flip
it's a not very clean the staff.,negative,negation_flip
it's a not so clean the staff.,negative,negation_flip
it's a never clean the staff.,negative,negation_flip
it's a helpful the staff.,positive,positive_aug
it's a not helpful the staff.,negative,negation_flip
it's a not too helpful the staff.,negative,negation_flip
it's a not very helpful the staff.,negative,negation_flip
it's a not so helpful the staff.,negative,negation_flip
it's a never helpful the staff.,negative,negation_flip
it's a friendly the staff.,positive,positive_aug
it's a not friendly the staff.,negative,negation_flip
it's a not too friendly the staff.,negative,negation_flip
it's a not very friendly the staff.,negative,negation_flip
it's a not so friendly the staff.,negative,negation_flip
it's a never friendly the staff.,negative,negation_flip
it's a comfortable the staff.,positive,positive_aug
it's a not comfortable the staff.,negative,negation_flip
it's a not too comfortable the staff.,negative,negation_flip
it's a not very comfortable the staff.,negative,negation_flip
it's a not so comfortable the staff.,negative,negation_flip
it's a never comfortable the staff.,negative,negation_flip
it's a excellent the staff.,positive,positive_aug
it's a not excellent the staff.,negative,negation_flip
it's a not too excellent the staff.,negative,negation_flip
it's a not very excellent the staff.,negative,negation_flip
it's a not so excellent the staff.,negative,negation_flip
it's a never excellent the staff.,negative,negation_flip
it's a good room.,positive,positive_aug
it's a not good room.,negative,negation_flip
it's a not too good room.,negative,negation_flip
it's a not very good room.,negative,negation_flip
it's a not so good room.,negative,negation_flip
it's a never good room.,negative,negation_flip
it's a great room.,positive,positive_aug
it's a not great room.,negative,negation_flip
it's a not too great room.,negative,negation_flip
it's a not very great room.,negative,negation_flip
it's a not so great room.,negative,negation_flip
it's a never great room.,negative,negation_flip
it's a nice room.,positive,positive_aug
it's a not nice room.,negative,negation_flip
it's a not too nice room.,negative,negation_flip
it's a not very nice room.,negative,negation_flip
it's a not so nice room.,negative,negation_flip
it's a never nice room.,negative,negation_flip
it's a clean room.,positive,positive_aug
it's a not clean room.,negative,negation_flip
it's a not too clean room.,negative,negation_flip
it's a not very clean room.,negative,negation_flip
it's a not so clean room.,negative,negation_flip
it's a never clean room.,negative,negation_flip
it's a helpful room.,positive,positive_aug
it's a not helpful room.,negative,negation_flip
it's a not too helpful room.,negative,negation_flip
it's a not very helpful room.,negative,negation_flip
it's a not so helpful room.,negative,negation_flip
it's a never helpful room.,negative,negation_flip
it's a friendly room.,positive,positive_aug
it's a not friendly room.,negative,negation_flip
it's a not too friendly room.,negative,negation_flip
it's a not very friendly room.,negative,negation_flip
it's a not so friendly room.,negative,negation_flip
it's a never friendly room.,negative,negation_flip
it's a comfortable room.,positive,positive_aug
it's a not comfortable room.,negative,negation_flip
it's a not too comfortable room.,negative,negation_flip
it's a not very comfortable room.,negative,negation_flip
it's a not so comfortable room.,negative,negation_flip
it's a never comfortable room.,negative,negation_flip
it's a excellent room.,positive,positive_aug
it's a not excellent room.,negative,negation_flip
it's a not too excellent room.,negative,negation_flip
it's a not very excellent room.,negative,negation_flip
it's a not so excellent room.,negative,negation_flip
it's a never excellent room.,negative,negation_flip
it's a good the room.,positive,positive_aug
it's a not good the room.,negative,negation_flip
it's a not too good the room.,negative,negation_flip
it's a not very good the room.,negative,negation_flip
it's a not so good the room.,negative,negation_flip
it's a never good the room.,negative,negation_flip
it's a great the room.,positive,positive_aug
it's a not great the room.,negative,negation_flip
it's a not too great the room.,negative,negation_flip
it's a not very great the room.,negative,negation_flip
it's a not so great the room.,negative,negation_flip
it's a never great the room.,negative,negation_flip
it's a nice the room.,positive,positive_aug
it's a not nice the room.,negative,negation_flip
it's a not too nice the room.,negative,negation_flip
it's a not very nice the room.,negative,negation_flip
it's a not so nice the room.,negative,negation_flip
it's a never nice the room.,negative,negation_flip
it's a clean the room.,positive,positive_aug
it's a not clean the room.,negative,negation_flip
it's a not too clean the room.,negative,negation_flip
it's a not very clean the room.,negative,negation_flip
it's a not so clean the room.,negative,negation_flip
it's a never clean the room.,negative,negation_flip
it's a helpful the room.,positive,positive_aug
it's a not helpful the room.,negative,negation_flip
it's a not too helpful the room.,negative,negation_flip
it's a not very helpful the room.,negative,negation_flip
it's a not so helpful the room.,negative,negation_flip
it's a never helpful the room.,negative,negation_flip
it's a friendly the room.,positive,positive_aug
it's a not friendly the room.,negative,negation_flip
it's a not too friendly the room.,negative,negation_flip
it's a not very friendly the room.,negative,negation_flip
it's a not so friendly the room.,negative,negation_flip
it's a never friendly the room.,negative,negation_flip
it's a comfortable the room.,positive,positive_aug
it's a not comfortable the room.,negative,negation_flip
it's a not too comfortable the room.,negative,negation_flip
it's a not very comfortable the room.,negative,negation_flip
it's a not so comfortable the room.,negative,negation_flip
it's a never comfortable the room.,negative,negation_flip
it's a excellent the room.,positive,positive_aug
it's a not excellent the room.,negative,negation_flip
it's a not too excellent the room.,negative,negation_flip
it's a not very excellent the room.,negative,negation_flip
it's a not so excellent the room.,negative,negation_flip
it's a never excellent the room.,negative,negation_flip
we had a good service.,positive,positive_aug
we had a not good service.,negative,negation_flip
we had a not too good service.,negative,negation_flip
we had a not very good service.,negative,negation_flip
we had a not so good service.,negative,negation_flip
we had a never good service.,negative,negation_flip
we had a great service.,positive,positive_aug
we had a not great service.,negative,negation_flip
we had a not too great service.,negative,negation_flip
we had a not very great service.,negative,negation_flip
we had a not so great service.,negative,negation_flip
we had a never great service.,negative,negation_flip
we had a nice service.,positive,positive_aug
we had a not nice service.,negative,negation_flip
we had a not too nice service.,negative,negation_flip
we had a not very nice service.,negative,negation_flip
we had a not so nice service.,negative,negation_flip
we had a never nice service.,negative,negation_flip
we had a clean service.,positive,positive_aug
we had a not clean service.,negative,negation_flip
we had a not too clean service.,negative,negation_flip
we had a not very clean service.,negative,negation_flip
we had a not so clean service.,negative,negation_flip
we had a never clean service.,negative,negation_flip
we had a helpful service.,positive,positive_aug
we had a not helpful service.,negative,negation_flip
we had a not too helpful service.,negative,negation_flip
we had a not very helpful service.,negative,negation_flip
we had a not so helpful service.,negative,negation_flip
we had a never helpful service.,negative,negation_flip
we had a friendly service.,positive,positive_aug
we had a not friendly service.,negative,negation_flip
we had a not too friendly service.,negative,negation_flip
we had a not very friendly service.,negative,negation_flip
we had a not so friendly service.,negative,negation_flip
we had a never friendly service.,negative,negation_flip
we had a comfortable service.,positive,positive_aug
we had a not comfortable service.,negative,negation_flip
we had a not too comfortable service.,negative,negation_flip
we had a not very comfortable service.,negative,negation_flip
we had a not so comfortable service.,negative,negation_flip
we had a never comfortable service.,negative,negation_flip
we had a excellent service.,positive,positive_aug
we had a not excellent service.,negative,negation_flip
we had a not too excellent service.,negative,negation_flip
we had a not very excellent service.,negative,negation_flip
we had a not so excellent service.,negative,negation_flip
we had a never excellent service.,negative,negation_flip
we had a good staff service.,positive,positive_aug
we had a not good staff service.,negative,negation_flip
we had a not too good staff service.,negative,negation_flip
we had a not very good staff service.,negative,negation_flip
we had a not so good staff service.,negative,negation_flip
we had a never good staff service.,negative,negation_flip
we had a great staff service.,positive,positive_aug
we had a not great staff service.,negative,negation_flip
we had a not too great staff service.,negative,negation_flip
we had a not very great staff service.,negative,negation_flip
we had a not so great staff service.,negative,negation_flip
we had a never great staff service.,negative,negation_flip
we had a nice staff service.,positive,positive_aug
we had a not nice staff service.,negative,negation_flip
we had a not too nice staff service.,negative,negation_flip
we had a not very nice staff service.,negative,negation_flip
we had a not so nice staff service.,negative,negation_flip
we had a never nice staff service.,negative,negation_flip
we had a clean staff service.,positive,positive_aug
we had a not clean staff service.,negative,negation_flip
we had a not too clean staff service.,negative,negation_flip
we had a not very clean staff service.,negative,negation_flip
we had a not so clean staff service.,negative,negation_flip
we had a never clean staff service.,negative,negation_flip
we had a helpful staff service.,positive,positive_aug
we had a not helpful staff service.,negative,negation_flip
we had a not too helpful staff service.,negative,negation_flip
we had a not very helpful staff service.,negative,negation_flip
we had a not so helpful staff service.,negative,negation_flip
we had a never helpful staff service.,negative,negation_flip
we had a friendly staff service.,positive,positive_aug
we had a not friendly staff service.,negative,negation_flip
we had a not too friendly staff service.,negative,negation_flip
we had a not very friendly staff service.,negative,negation_flip
we had a not so friendly staff service.,negative,negation_flip
we had a never friendly staff service.,negative,negation_flip
we had a comfortable staff service.,positive,positive_aug
we had a not comfortable staff service.,negative,negation_flip
we had a not too comfortable staff service.,negative,negation_flip
we had a not very comfortable staff service.,negative,negation_flip
we had a not so comfortable staff service.,negative,negation_flip
we had a never comfortable staff service.,negative,negation_flip
we had a excellent staff service.,positive,positive_aug
we had a not excellent staff service.,negative,negation_flip
we had a not too excellent staff service.,negative,negation_flip
we had a not very excellent staff service.,negative,negation_flip
we had a not so excellent staff service.,negative,negation_flip
we had a never excellent staff service.,negative,negation_flip
we had a good room service.,positive,positive_aug
we had a not good room service.,negative,negation_flip
we had a not too good room service.,negative,negation_flip
we had a not very good room service.,negative,negation_flip
we had a not so good room service.,negative,negation_flip
we had a never good room service.,negative,negation_flip
we had a great room service.,positive,positive_aug
we had a not great room service.,negative,negation_flip
we had a not too great room service.,negative,negation_flip
we had a not very great room service.,negative,negation_flip
we had a not so great room service.,negative,negation_flip
we had a never great room service.,negative,negation_flip
we had a nice room service.,positive,positive_aug
we had a not nice room service.,negative,negation_flip
we had a not too nice room service.,negative,negation_flip
we had a not very nice room service.,negative,negation_flip
we had a not so nice room service.,negative,negation_flip
we had a never nice room service.,negative,negation_flip
we had a clean room service.,positive,positive_aug
we had a not clean room service.,negative,negation_flip
we had a not too clean room service.,negative,negation_flip
we had a not very clean room service.,negative,negation_flip
we had a not so clean room service.,negative,negation_flip
we had a never clean room service.,negative,negation_flip
we had a helpful room service.,positive,positive_aug
we had a not helpful room service.,negative,negation_flip
we had a not too helpful room service.,negative,negation_flip
we had a not very helpful room service.,negative,negation_flip
we had a not so helpful room service.,negative,negation_flip
we had a never helpful room service.,negative,negation_flip
we had a friendly room service.,positive,positive_aug
we had a not friendly room service.,negative,negation_flip
we had a not too friendly room service.,negative,negation_flip
we had a not very friendly room service.,negative,negation_flip
we had a not so friendly room service.,negative,negation_flip
we had a never friendly room service.,negative,negation_flip
we had a comfortable room service.,positive,positive_aug
we had a not comfortable room service.,negative,negation_flip
we had a not too comfortable room service.,negative,negation_flip
we had a not very comfortable room service.,negative,negation_flip
we had a not so comfortable room service.,negative,negation_flip
we had a never comfortable room service.,negative,negation_flip
we had a excellent room service.,positive,positive_aug
we had a not excellent room service.,negative,negation_flip
we had a not too excellent room service.,negative,negation_flip
we had a not very excellent room service.,negative,negation_flip
we had a not so excellent room service.,negative,negation_flip
we had a never excellent room service.,negative,negation_flip
we had a good hotel service.,positive,positive_aug
we had a not good hotel service.,negative,negation_flip
we had a not too good hotel service.,negative,negation_flip
we had a not very good hotel service.,negative,negation_flip
we had a not so good hotel service.,negative,negation_flip
we had a never good hotel service.,negative,negation_flip
we had a great hotel service.,positive,positive_aug
we had a not great hotel service.,negative,negation_flip
we had a not too great hotel service.,negative,negation_flip
we had a not very great hotel service.,negative,negation_flip
we had a not so great hotel service.,negative,negation_flip
we had a never great hotel service.,negative,negation_flip
we had a nice hotel service.,positive,positive_aug
we had a not nice hotel service.,negative,negation_flip
we had a not too nice hotel service.,negative,negation_flip
we had a not very nice hotel service.,negative,negation_flip
we had a not so nice hotel service.,negative,negation_flip
we had a never nice hotel service.,negative,negation_flip
we had a clean hotel service.,positive,positive_aug
we had a not clean hotel service.,negative,negation_flip
we had a not too clean hotel service.,negative,negation_flip
we had a not very clean hotel service.,negative,negation_flip
we had a not so clean hotel service.,negative,negation_flip
we had a never clean hotel service.,negative,negation_flip
we had a helpful hotel service.,positive,positive_aug
we had a not helpful hotel service.,negative,negation_flip
we had a not too helpful hotel service.,negative,negation_flip
we had a not very helpful hotel service.,negative,negation_flip
we had a not so helpful hotel service.,negative,negation_flip
we had a never helpful hotel service.,negative,negation_flip
we had a friendly hotel service.,positive,positive_aug
we had a not friendly hotel service.,negative,negation_flip
we had a not too friendly hotel service.,negative,negation_flip
we had a not very friendly hotel service.,negative,negation_flip
we had a not so friendly hotel service.,negative,negation_flip
we had a never friendly hotel service.,negative,negation_flip
we had a comfortable hotel service.,positive,positive_aug
we had a not comfortable hotel service.,negative,negation_flip
we had a not too comfortable hotel service.,negative,negation_flip
we had a not very comfortable hotel service.,negative,negation_flip
we had a not so comfortable hotel service.,negative,negation_flip
we had a never comfortable hotel service.,negative,negation_flip
we had a excellent hotel service.,positive,positive_aug
we had a not excellent hotel service.,negative,negation_flip
we had a not too excellent hotel service.,negative,negation_flip
we had a not very excellent hotel service.,negative,negation_flip
we had a not so excellent hotel service.,negative,negation_flip
we had a never excellent hotel service.,negative,negation_flip
we had a good customer service.,positive,positive_aug
we had a not good customer service.,negative,negation_flip
we had a not too good customer service.,negative,negation_flip
we had a not very good customer service.,negative,negation_flip
we had a not so good customer service.,negative,negation_flip
we had a never good customer service.,negative,negation_flip
we had a great customer service.,positive,positive_aug
we had a not great customer service.,negative,negation_flip
we had a not too great customer service.,negative,negation_flip
we had a not very great customer service.,negative,negation_flip
we had a not so great customer service.,negative,negation_flip
we had a never great customer service.,negative,negation_flip
we had a nice customer service.,positive,positive_aug
we had a not nice customer service.,negative,negation_flip
we had a not too nice customer service.,negative,negation_flip
we had a not very nice customer service.,negative,negation_flip
we had a not so nice customer service.,negative,negation_flip
we had a never nice customer service.,negative,negation_flip
we had a clean customer service.,positive,positive_aug
we had a not clean customer service.,negative,negation_flip
we had a not too clean customer service.,negative,negation_flip
we had a not very clean customer service.,negative,negation_flip
we had a not so clean customer service.,negative,negation_flip
we had a never clean customer service.,negative,negation_flip
we had a helpful customer service.,positive,positive_aug
we had a not helpful customer service.,negative,negation_flip
we had a not too helpful customer service.,negative,negation_flip
we had a not very helpful customer service.,negative,negation_flip
we had a not so helpful customer service.,negative,negation_flip
we had a never helpful customer service.,negative,negation_flip
we had a friendly customer service.,positive,positive_aug
we had a not friendly customer service.,negative,negation_flip
we had a not too friendly customer service.,negative,negation_flip
we had a not very friendly customer service.,negative,negation_flip
we had a not so friendly customer service.,negative,negation_flip
we had a never friendly customer service.,negative,negation_flip
we had a comfortable customer service.,positive,positive_aug
we had a not comfortable customer service.,negative,negation_flip
we had a not too comfortable customer service.,negative,negation_flip
we had a not very comfortable customer service.,negative,negation_flip
we had a not so comfortable customer service.,negative,negation_flip
we had a never comfortable customer service.,negative,negation_flip
we had a excellent customer service.,positive,positive_aug
we had a not excellent customer service.,negative,negation_flip
we had a not too excellent customer service.,negative,negation_flip
we had a not very excellent customer service.,negative,negation_flip
we had a not so excellent customer service.,negative,negation_flip
we had a never excellent customer service.,negative,negation_flip
we had a good the service.,positive,positive_aug
we had a not good the service.,negative,negation_flip
we had a not too good the service.,negative,negation_flip
we had a not very good the service.,negative,negation_flip
we had a not so good the service.,negative,negation_flip
we had a never good the service.,negative,negation_flip
we had a great the service.,positive,positive_aug
we had a not great the service.,negative,negation_flip
we had a not too great the service.,negative,negation_flip
we had a not very great the service.,negative,negation_flip
we had a not so great the service.,negative,negation_flip
we had a never great the service.,negative,negation_flip
we had a nice the service.,positive,positive_aug
we had a not nice the service.,negative,negation_flip
we had a not too nice the service.,negative,negation_flip
we had a not very nice the service.,negative,negation_flip
we had a not so nice the service.,negative,negation_flip
we had a never nice the service.,negative,negation_flip
we had a clean the service.,positive,positive_aug
we had a not clean the service.,negative,negation_flip
we had a not too clean the service.,negative,negation_flip
we had a not very clean the service.,negative,negation_flip
we had a not so clean the service.,negative,negation_flip
we had a never clean the service.,negative,negation_flip
we had a helpful the service.,positive,positive_aug
we had a not helpful the service.,negative,negation_flip
we had a not too helpful the service.,negative,negation_flip
we had a not very helpful the service.,negative,negation_flip
we had a not so helpful the service.,negative,negation_flip
we had a never helpful the service.,negative,negation_flip
we had a friendly the service.,positive,positive_aug
we had a not friendly the service.,negative,negation_flip
we had a not too friendly the service.,negative,negation_flip
we had a not very friendly the service.,negative,negation_flip
we had a not so friendly the service.,negative,negation_flip
we had a never friendly the service.,negative,negation_flip
we had a comfortable the service.,positive,positive_aug
we had a not comfortable the service.,negative,negation_flip
we had a not too comfortable the service.,negative,negation_flip
we had a not very comfortable the service.,negative,negation_flip
we had a not so comfortable the service.,negative,negation_flip
we had a never comfortable the service.,negative,negation_flip
we had a excellent the service.,positive,positive_aug
we had a not excellent the service.,negative,negation_flip
we had a not too excellent the service.,negative,negation_flip
we had a not very excellent the service.,negative,negation_flip
we had a not so excellent the service.,negative,negation_flip
we had a never excellent the service.,negative,negation_flip
we had a good staff.,positive,positive_aug
we had a not good staff.,negative,negation_flip
we had a not too good staff.,negative,negation_flip
we had a not very good staff.,negative,negation_flip
we had a not so good staff.,negative,negation_flip
we had a never good staff.,negative,negation_flip
we had a great staff.,positive,positive_aug
we had a not great staff.,negative,negation_flip
we had a not too great staff.,negative,negation_flip
we had a not very great staff.,negative,negation_flip
we had a not so great staff.,negative,negation_flip
we had a never great staff.,negative,negation_flip
we had a nice staff.,positive,positive_aug
we had a not nice staff.,negative,negation_flip
we had a not too nice staff.,negative,negation_flip
we had a not very nice staff.,negative,negation_flip
we had a not so nice staff.,negative,negation_flip
we had a never nice staff.,negative,negation_flip
we had a clean staff.,positive,positive_aug
we had a not clean staff.,negative,negation_flip
we had a not too clean staff.,negative,negation_flip
we had a not very clean staff.,negative,negation_flip
we had a not so clean staff.,negative,negation_flip
we had a never clean staff.,negative,negation_flip
we had a helpful staff.,positive,positive_aug
we had a not helpful staff.,negative,negation_flip
we had a not too helpful staff.,negative,negation_flip
we had a not very helpful staff.,negative,negation_flip
we had a not so helpful staff.,negative,negation_flip
we had a never helpful staff.,negative,negation_flip
we had a friendly staff.,positive,positive_aug
we had a not friendly staff.,negative,negation_flip
we had a not too friendly staff.,negative,negation_flip
we had a not very friendly staff.,negative,negation_flip
we had a not so friendly staff.,negative,negation_flip
we had a never friendly staff.,negative,negation_flip
we had a comfortable staff.,positive,positive_aug
we had a not comfortable staff.,negative,negation_flip
we had a not too comfortable staff.,negative,negation_flip
we had a not very comfortable staff.,negative,negation_flip
we had a not so comfortable staff.,negative,negation_flip
we had a never comfortable staff.,negative,negation_flip
we had a excellent staff.,positive,positive_aug
we had a not excellent staff.,negative,negation_flip
we had a not too excellent staff.,negative,negation_flip
we had a not very excellent staff.,negative,negation_flip
we had a not so excellent staff.,negative,negation_flip
we had a never excellent staff.,negative,negation_flip
we had a good the staff.,positive,positive_aug
we had a not good the staff.,negative,negation_flip
we had a not too good the staff.,negative,negation_flip
we had a not very good the staff.,negative,negation_flip
we had a not so good the staff.,negative,negation_flip
we had a never good the staff.,negative,negation_flip
we had a great the staff.,positive,positive_aug
we had a not great the staff.,negative,negation_flip
we had a not too great the staff.,negative,negation_flip
we had a not very great the staff.,negative,negation_flip
we had a not so great the staff.,negative,negation_flip
we had a never great the staff.,negative,negation_flip
we had a nice the staff.,positive,positive_aug
we had a not nice the staff.,negative,negation_flip
we had a not too nice the staff.,negative,negation_flip
we had a not very nice the staff.,negative,negation_flip
we had a not so nice the staff.,negative,negation_flip
we had a never nice the staff.,negative,negation_flip
we had a clean the staff.,positive,positive_aug
we had a not clean the staff.,negative,negation_flip
we had a not too clean the staff.,negative,negation_flip
we had a not very clean the staff.,negative,negation_flip
we had a not so clean the staff.,negative,negation_flip
we had a never clean the staff.,negative,negation_flip
we had a helpful the staff.,positive,positive_aug
we had a not helpful the staff.,negative,negation_flip
we had a not too helpful the staff.,negative,negation_flip
we had a not very helpful the staff.,negative,negation_flip
we had a not so helpful the staff.,negative,negation_flip
we had a never helpful the staff.,negative,negation_flip
we had a friendly the staff.,positive,positive_aug
we had a not friendly the staff.,negative,negation_flip
we had a not too friendly the staff.,negative,negation_flip
we had a not very friendly the staff.,negative,negation_flip
we had a not so friendly the staff.,negative,negation_flip
we had a never friendly the staff.,negative,negation_flip
we had a comfortable the staff.,positive,positive_aug
we had a not comfortable the staff.,negative,negation_flip
we had a not too comfortable the staff.,negative,negation_flip
we had a not very comfortable the staff.,negative,negation_flip
we had a not so comfortable the staff.,negative,negation_flip
we had a never comfortable the staff.,negative,negation_flip
we had a excellent the staff.,positive,positive_aug
we had a not excellent the staff.,negative,negation_flip
we had a not too excellent the staff.,negative,negation_flip
we had a not very excellent the staff.,negative,negation_flip
we had a not so excellent the staff.,negative,negation_flip
we had a never excellent the staff.,negative,negation_flip
we had a good room.,positive,positive_aug
we had a not good room.,negative,negation_flip
we had a not too good room.,negative,negation_flip
we had a not very good room.,negative,negation_flip
we had a not so good room.,negative,negation_flip
we had a never good room.,negative,negation_flip
we had a great room.,positive,positive_aug
we had a not great room.,negative,negation_flip
we had a not too great room.,negative,negation_flip
we had a not very great room.,negative,negation_flip
we had a not so great room.,negative,negation_flip
we had a never great room.,negative,negation_flip
we had a nice room.,positive,positive_aug
we had a not nice room.,negative,negation_flip
we had a not too nice room.,negative,negation_flip
we had a not very nice room.,negative,negation_flip
we had a not so nice room.,negative,negation_flip
we had a never nice room.,negative,negation_flip
we had a clean room.,positive,positive_aug
we had a not clean room.,negative,negation_flip
we had a not too clean room.,negative,negation_flip
we had a not very clean room.,negative,negation_flip
we had a not so clean room.,negative,negation_flip
we had a never clean room.,negative,negation_flip
we had a helpful room.,positive,positive_aug
we had a not helpful room.,negative,negation_flip
we had a not too helpful room.,negative,negation_flip
we had a not very helpful room.,negative,negation_flip
we had a not so helpful room.,negative,negation_flip
we had a never helpful room.,negative,negation_flip
we had a friendly room.,positive,positive_aug
we had a not friendly room.,negative,negation_flip
we had a not too friendly room.,negative,negation_flip
we had a not very friendly room.,negative,negation_flip
we had a not so friendly room.,negative,negation_flip
we had a never friendly room.,negative,negation_flip
we had a comfortable room.,positive,positive_aug
we had a not comfortable room.,negative,negation_flip
we had a not too comfortable room.,negative,negation_flip
we had a not very comfortable room.,negative,negation_flip
we had a not so comfortable room.,negative,negation_flip
we had a never comfortable room.,negative,negation_flip
we had a excellent room.,positive,positive_aug
we had a not excellent room.,negative,negation_flip
we had a not too excellent room.,negative,negation_flip
we had a not very excellent room.,negative,negation_flip
we had a not so excellent room.,negative,negation_flip
we had a never excellent room.,negative,negation_flip
we had a good the room.,positive,positive_aug
we had a not good the room.,negative,negation_flip
we had a not too good the room.,negative,negation_flip
we had a not very good the room.,negative,negation_flip
we had a not so good the room.,negative,negation_flip
we had a never good the room.,negative,negation_flip
we had a great the room.,positive,positive_aug
we had a not great the room.,negative,negation_flip
we had a not too great the room.,negative,negation_flip
we had a not very great the room.,negative,negation_flip
we had a not so great the room.,negative,negation_flip
we had a never great the room.,negative,negation_flip
we had a nice the room.,positive,positive_aug
we had a not nice the room.,negative,negation_flip
we had a not too nice the room.,negative,negation_flip
we had a not very nice the room.,negative,negation_flip
we had a not so nice the room.,negative,negation_flip
we had a never nice the room.,negative,negation_flip
we had a clean the room.,positive,positive_aug
we had a not clean the room.,negative,negation_flip
we had a not too clean the room.,negative,negation_flip
we had a not very clean the room.,negative,negation_flip
we had a not so clean the room.,negative,negation_flip
we had a never clean the room.,negative,negation_flip
we had a helpful the room.,positive,positive_aug
we had a not helpful the room.,negative,negation_flip
we had a not too helpful the room.,negative,negation_flip
we had a not very helpful the room.,negative,negation_flip
we had a not so helpful the room.,negative,negation_flip
we had a never helpful the room.,negative,negation_flip
we had a friendly the room.,positive,positive_aug
we had a not friendly the room.,negative,negation_flip
we had a not too friendly the room.,negative,negation_flip
we had a not very friendly the room.,negative,negation_flip
we had a not so friendly the room.,negative,negation_flip
we had a never friendly the room.,negative,negation_flip
we had a comfortable the room.,positive,positive_aug
we had a not comfortable the room.,negative,negation_flip
we had a not too comfortable the room.,negative,negation_flip
we had a not very comfortable the room.,negative,negation_flip
we had a not so comfortable the room.,negative,negation_flip
we had a never comfortable the room.,negative,negation_flip
we had a excellent the room.,positive,positive_aug
we had a not excellent the room.,negative,negation_flip
we had a not too excellent the room.,negative,negation_flip
we had a not very excellent the room.,negative,negation_flip
we had a not so excellent the room.,negative,negation_flip
we had a never excellent the room.,negative,negation_flip
the hotel has good service.,positive,positive_aug
the hotel has not good service.,negative,negation_flip
the hotel has not too good service.,negative,negation_flip
the hotel has not very good service.,negative,negation_flip
the hotel has not so good service.,negative,negation_flip
the hotel has never good service.,negative,negation_flip
the hotel has great service.,positive,positive_aug
the hotel has not great service.,negative,negation_flip
the hotel has not too great service.,negative,negation_flip
the hotel has not very great service.,negative,negation_flip
the hotel has not so great service.,negative,negation_flip
the hotel has never great service.,negative,negation_flip
the hotel has nice service.,positive,positive_aug
the hotel has not nice service.,negative,negation_flip
the hotel has not too nice service.,negative,negation_flip
the hotel has not very nice service.,negative,negation_flip
the hotel has not so nice service.,negative,negation_flip
the hotel has never nice service.,negative,negation_flip
the hotel has clean service.,positive,positive_aug
the hotel has not clean service.,negative,negation_flip
the hotel has not too clean service.,negative,negation_flip
the hotel has not very clean service.,negative,negation_flip
the hotel has not so clean service.,negative,negation_flip
the hotel has never clean service.,negative,negation_flip
the hotel has helpful service.,positive,positive_aug
the hotel has not helpful service.,negative,negation_flip
the hotel has not too helpful service.,negative,negation_flip
the hotel has not very helpful service.,negative,negation_flip
the hotel has not so helpful service.,negative,negation_flip
the hotel has never helpful service.,negative,negation_flip
the hotel has friendly service.,positive,positive_aug
the hotel has not friendly service.,negative,negation_flip
the hotel has not too friendly service.,negative,negation_flip
the hotel has not very friendly service.,negative,negation_flip
the hotel has not so friendly service.,negative,negation_flip
the hotel has never friendly service.,negative,negation_flip
the hotel has comfortable service.,positive,positive_aug
the hotel has not comfortable service.,negative,negation_flip
the hotel has not too comfortable service.,negative,negation_flip
the hotel has not very comfortable service.,negative,negation_flip
the hotel has not so comfortable service.,negative,negation_flip
the hotel has never comfortable service.,negative,negation_flip
the hotel has excellent service.,positive,positive_aug
the hotel has not excellent service.,negative,negation_flip
the hotel has not too excellent service.,negative,negation_flip
the hotel has not very excellent service.,negative,negation_flip
the hotel has not so excellent service.,negative,negation_flip
the hotel has never excellent service.,negative,negation_flip
the hotel has good staff service.,positive,positive_aug
the hotel has not good staff service.,negative,negation_flip
the hotel has not too good staff service.,negative,negation_flip
the hotel has not very good staff service.,negative,negation_flip
the hotel has not so good staff service.,negative,negation_flip
the hotel has never good staff service.,negative,negation_flip
the hotel has great staff service.,positive,positive_aug
the hotel has not great staff service.,negative,negation_flip
the hotel has not too great staff service.,negative,negation_flip
the hotel has not very great staff service.,negative,negation_flip
the hotel has not so great staff service.,negative,negation_flip
the hotel has never great staff service.,negative,negation_flip
the hotel has nice staff service.,positive,positive_aug
the hotel has not nice staff service.,negative,negation_flip
the hotel has not too nice staff service.,negative,negation_flip
the hotel has not very nice staff service.,negative,negation_flip
the hotel has not so nice staff service.,negative,negation_flip
the hotel has never nice staff service.,negative,negation_flip
the hotel has clean staff service.,positive,positive_aug
the hotel has not clean staff service.,negative,negation_flip
the hotel has not too clean staff service.,negative,negation_flip
the hotel has not very clean staff service.,negative,negation_flip
the hotel has not so clean staff service.,negative,negation_flip
the hotel has never clean staff service.,negative,negation_flip
the hotel has helpful staff service.,positive,positive_aug
the hotel has not helpful staff service.,negative,negation_flip
the hotel has not too helpful staff service.,negative,negation_flip
the hotel has not very helpful staff service.,negative,negation_flip
the hotel has not so helpful staff service.,negative,negation_flip
the hotel has never helpful staff service.,negative,negation_flip
the hotel has friendly staff service.,positive,positive_aug
the hotel has not friendly staff service.,negative,negation_flip
the hotel has not too friendly staff service.,negative,negation_flip
the hotel has not very friendly staff service.,negative,negation_flip
the hotel has not so friendly staff service.,negative,negation_flip
the hotel has never friendly staff service.,negative,negation_flip
the hotel has comfortable staff service.,positive,positive_aug
the hotel has not comfortable staff service.,negative,negation_flip
the hotel has not too comfortable staff service.,negative,negation_flip
the hotel has not very comfortable staff service.,negative,negation_flip
the hotel has not so comfortable staff service.,negative,negation_flip
the hotel has never comfortable staff service.,negative,negation_flip
the hotel has excellent staff service.,positive,positive_aug
the hotel has not excellent staff service.,negative,negation_flip
the hotel has not too excellent staff service.,negative,negation_flip
the hotel has not very excellent staff service.,negative,negation_flip
the hotel has not so excellent staff service.,negative,negation_flip
the hotel has never excellent staff service.,negative,negation_flip
the hotel has good room service.,positive,positive_aug
the hotel has not good room service.,negative,negation_flip
the hotel has not too good room service.,negative,negation_flip
the hotel has not very good room service.,negative,negation_flip
the hotel has not so good room service.,negative,negation_flip
the hotel has never good room service.,negative,negation_flip
the hotel has great room service.,positive,positive_aug
the hotel has not great room service.,negative,negation_flip
the hotel has not too great room service.,negative,negation_flip
the hotel has not very great room service.,negative,negation_flip
the hotel has not so great room service.,negative,negation_flip
the hotel has never great room service.,negative,negation_flip
the hotel has nice room service.,positive,positive_aug
the hotel has not nice room service.,negative,negation_flip
the hotel has not too nice room service.,negative,negation_flip
the hotel has not very nice room service.,negative,negation_flip
the hotel has not so nice room service.,negative,negation_flip
the hotel has never nice room service.,negative,negation_flip
the hotel has clean room service.,positive,positive_aug
the hotel has not clean room service.,negative,negation_flip
the hotel has not too clean room service.,negative,negation_flip
the hotel has not very clean room service.,negative,negation_flip
the hotel has not so clean room service.,negative,negation_flip
the hotel has never clean room service.,negative,negation_flip
the hotel has helpful room service.,positive,positive_aug
the hotel has not helpful room service.,negative,negation_flip
the hotel has not too helpful room service.,negative,negation_flip
the hotel has not very helpful room service.,negative,negation_flip
the hotel has not so helpful room service.,negative,negation_flip
the hotel has never helpful room service.,negative,negation_flip
the hotel has friendly room service.,positive,positive_aug
the hotel has not friendly room service.,negative,negation_flip
the hotel has not too friendly room service.,negative,negation_flip
the hotel has not very friendly room service.,negative,negation_flip
the hotel has not so friendly room service.,negative,negation_flip
the hotel has never friendly room service.,negative,negation_flip
the hotel has comfortable room service.,positive,positive_aug
the hotel has not comfortable room service.,negative,negation_flip
the hotel has not too comfortable room service.,negative,negation_flip
the hotel has not very comfortable room service.,negative,negation_flip
the hotel has not so comfortable room service.,negative,negation_flip
the hotel has never comfortable room service.,negative,negation_flip
the hotel has excellent room service.,positive,positive_aug
the hotel has not excellent room service.,negative,negation_flip
the hotel has not too excellent room service.,negative,negation_flip
the hotel has not very excellent room service.,negative,negation_flip
the hotel has not so excellent room service.,negative,negation_flip
the hotel has never excellent room service.,negative,negation_flip
the hotel has good hotel service.,positive,positive_aug
the hotel has not good hotel service.,negative,negation_flip
the hotel has not too good hotel service.,negative,negation_flip
the hotel has not very good hotel service.,negative,negation_flip
the hotel has not so good hotel service.,negative,negation_flip
the hotel has never good hotel service.,negative,negation_flip
the hotel has great hotel service.,positive,positive_aug
the hotel has not great hotel service.,negative,negation_flip
the hotel has not too great hotel service.,negative,negation_flip
the hotel has not very great hotel service.,negative,negation_flip
the hotel has not so great hotel service.,negative,negation_flip
the hotel has never great hotel service.,negative,negation_flip
the hotel has nice hotel service.,positive,positive_aug
the hotel has not nice hotel service.,negative,negation_flip
the hotel has not too nice hotel service.,negative,negation_flip
the hotel has not very nice hotel service.,negative,negation_flip
the hotel has not so nice hotel service.,negative,negation_flip
the hotel has never nice hotel service.,negative,negation_flip
the hotel has clean hotel service.,positive,positive_aug
the hotel has not clean hotel service.,negative,negation_flip
the hotel has not too clean hotel service.,negative,negation_flip
the hotel has not very clean hotel service.,negative,negation_flip
the hotel has not so clean hotel service.,negative,negation_flip
the hotel has never clean hotel service.,negative,negation_flip
the hotel has helpful hotel service.,positive,positive_aug
the hotel has not helpful hotel service.,negative,negation_flip
the hotel has not too helpful hotel service.,negative,negation_flip
the hotel has not very helpful hotel service.,negative,negation_flip
the hotel has not so helpful hotel service.,negative,negation_flip
the hotel has never helpful hotel service.,negative,negation_flip
the hotel has friendly hotel service.,positive,positive_aug
the hotel has not friendly hotel service.,negative,negation_flip
the hotel has not too friendly hotel service.,negative,negation_flip
the hotel has not very friendly hotel service.,negative,negation_flip
the hotel has not so friendly hotel service.,negative,negation_flip
the hotel has never friendly hotel service.,negative,negation_flip
the hotel has comfortable hotel service.,positive,positive_aug
the hotel has not comfortable hotel service.,negative,negation_flip
the hotel has not too comfortable hotel service.,negative,negation_flip
the hotel has not very comfortable hotel service.,negative,negation_flip
the hotel has not so comfortable hotel service.,negative,negation_flip
the hotel has never comfortable hotel service.,negative,negation_flip
the hotel has excellent hotel service.,positive,positive_aug
the hotel has not excellent hotel service.,negative,negation_flip
the hotel has not too excellent hotel service.,negative,negation_flip
the hotel has not very excellent hotel service.,negative,negation_flip
the hotel has not so excellent hotel service.,negative,negation_flip
the hotel has never excellent hotel service.,negative,negation_flip
the hotel has good customer service.,positive,positive_aug
the hotel has not good customer service.,negative,negation_flip
the hotel has not too good customer service.,negative,negation_flip
the hotel has not very good customer service.,negative,negation_flip
the hotel has not so good customer service.,negative,negation_flip
the hotel has never good customer service.,negative,negation_flip
the hotel has great customer service.,positive,positive_aug
the hotel has not great customer service.,negative,negation_flip
the hotel has not too great customer service.,negative,negation_flip
the hotel has not very great customer service.,negative,negation_flip
the hotel has not so great customer service.,negative,negation_flip
the hotel has never great customer service.,negative,negation_flip
the hotel has nice customer service.,positive,positive_aug
the hotel has not nice customer service.,negative,negation_flip
the hotel has not too nice customer service.,negative,negation_flip
the hotel has not very nice customer service.,negative,negation_flip
the hotel has not so nice customer service.,negative,negation_flip
the hotel has never nice customer service.,negative,negation_flip
the hotel has clean customer service.,positive,positive_aug
the hotel has not clean customer service.,negative,negation_flip
the hotel has not too clean customer service.,negative,negation_flip
the hotel has not very clean customer service.,negative,negation_flip
the hotel has not so clean customer service.,negative,negation_flip
the hotel has never clean customer service.,negative,negation_flip
the hotel has helpful customer service.,positive,positive_aug
the hotel has not helpful customer service.,negative,negation_flip
the hotel has not too helpful customer service.,negative,negation_flip
the hotel has not very helpful customer service.,negative,negation_flip
the hotel has not so helpful customer service.,negative,negation_flip
the hotel has never helpful customer service.,negative,negation_flip
the hotel has friendly customer service.,positive,positive_aug
the hotel has not friendly customer service.,negative,negation_flip
the hotel has not too friendly customer service.,negative,negation_flip
the hotel has not very friendly customer service.,negative,negation_flip
the hotel has not so friendly customer service.,negative,negation_flip
the hotel has never friendly customer service.,negative,negation_flip
the hotel has comfortable customer service.,positive,positive_aug
the hotel has not comfortable customer service.,negative,negation_flip
the hotel has not too comfortable customer service.,negative,negation_flip
the hotel has not very comfortable customer service.,negative,negation_flip
the hotel has not so comfortable customer service.,negative,negation_flip
the hotel has never comfortable customer service.,negative,negation_flip
the hotel has excellent customer service.,positive,positive_aug
the hotel has not excellent customer service.,negative,negation_flip
the hotel has not too excellent customer service.,negative,negation_flip
the hotel has not very excellent customer service.,negative,negation_flip
the hotel has not so excellent customer service.,negative,negation_flip
the hotel has never excellent customer service.,negative,negation_flip
the hotel has good the service.,positive,positive_aug
the hotel has not good the service.,negative,negation_flip
the hotel has not too good the service.,negative,negation_flip
the hotel has not very good the service.,negative,negation_flip
the hotel has not so good the service.,negative,negation_flip
the hotel has never good the service.,negative,negation_flip
the hotel has great the service.,positive,positive_aug
the hotel has not great the service.,negative,negation_flip
the hotel has not too great the service.,negative,negation_flip
the hotel has not very great the service.,negative,negation_flip
the hotel has not so great the service.,negative,negation_flip
the hotel has never great the service.,negative,negation_flip
the hotel has nice the service.,positive,positive_aug
the hotel has not nice the service.,negative,negation_flip
the hotel has not too nice the service.,negative,negation_flip
the hotel has not very nice the service.,negative,negation_flip
the hotel has not so nice the service.,negative,negation_flip
the hotel has never nice the service.,negative,negation_flip
the hotel has clean the service.,positive,positive_aug
the hotel has not clean the service.,negative,negation_flip
the hotel has not too clean the service.,negative,negation_flip
the hotel has not very clean the service.,negative,negation_flip
the hotel has not so clean the service.,negative,negation_flip
the hotel has never clean the service.,negative,negation_flip
the hotel has helpful the service.,positive,positive_aug
the hotel has not helpful the service.,negative,negation_flip
the hotel has not too helpful the service.,negative,negation_flip
the hotel has not very helpful the service.,negative,negation_flip
the hotel has not so helpful the service.,negative,negation_flip
the hotel has never helpful the service.,negative,negation_flip
the hotel has friendly the service.,positive,positive_aug
the hotel has not friendly the service.,negative,negation_flip
the hotel has not too friendly the service.,negative,negation_flip
the hotel has not very friendly the service.,negative,negation_flip
the hotel has not so friendly the service.,negative,negation_flip
the hotel has never friendly the service.,negative,negation_flip
the hotel has comfortable the service.,positive,positive_aug
the hotel has not comfortable the service.,negative,negation_flip
the hotel has not too comfortable the service.,negative,negation_flip
the hotel has not very comfortable the service.,negative,negation_flip
the hotel has not so comfortable the service.,negative,negation_flip
the hotel has never comfortable the service.,negative,negation_flip
the hotel has excellent the service.,positive,positive_aug
the hotel has not excellent the service.,negative,negation_flip
the hotel has not too excellent the service.,negative,negation_flip
the hotel has not very excellent the service.,negative,negation_flip
the hotel has not so excellent the service.,negative,negation_flip
the hotel has never excellent the service.,negative,negation_flip
the hotel has good staff.,positive,positive_aug
the hotel has not good staff.,negative,negation_flip
the hotel has not too good staff.,negative,negation_flip
the hotel has not very good staff.,negative,negation_flip
the hotel has not so good staff.,negative,negation_flip
the hotel has never good staff.,negative,negation_flip
the hotel has great staff.,positive,positive_aug
the hotel has not great staff.,negative,negation_flip
the hotel has not too great staff.,negative,negation_flip
the hotel has not very great staff.,negative,negation_flip
the hotel has not so great staff.,negative,negation_flip
the hotel has never great staff.,negative,negation_flip
the hotel has nice staff.,positive,positive_aug
the hotel has not nice staff.,negative,negation_flip
the hotel has not too nice staff.,negative,negation_flip
the hotel has not very nice staff.,negative,negation_flip
the hotel has not so nice staff.,negative,negation_flip
the hotel has never nice staff.,negative,negation_flip
the hotel has clean staff.,positive,positive_aug
the hotel has not clean staff.,negative,negation_flip
the hotel has not too clean staff.,negative,negation_flip
the hotel has not very clean staff.,negative,negation_flip
the hotel has not so clean staff.,negative,negation_flip
the hotel has never clean staff.,negative,negation_flip
the hotel has helpful staff.,positive,positive_aug
the hotel has not helpful staff.,negative,negation_flip
the hotel has not too helpful staff.,negative,negation_flip
the hotel has not very helpful staff.,negative,negation_flip
the hotel has not so helpful staff.,negative,negation_flip
the hotel has never helpful staff.,negative,negation_flip
the hotel has friendly staff.,positive,positive_aug
the hotel has not friendly staff.,negative,negation_flip
the hotel has not too friendly staff.,negative,negation_flip
the hotel has not very friendly staff.,negative,negation_flip
the hotel has not so friendly staff.,negative,negation_flip
the hotel has never friendly staff.,negative,negation_flip
the hotel has comfortable staff.,positive,positive_aug
the hotel has not comfortable staff.,negative,negation_flip
the hotel has not too comfortable staff.,negative,negation_flip
the hotel has not very comfortable staff.,negative,negation_flip
the hotel has not so comfortable staff.,negative,negation_flip
the hotel has never comfortable staff.,negative,negation_flip
the hotel has excellent staff.,positive,positive_aug
the hotel has not excellent staff.,negative,negation_flip
the hotel has not too excellent staff.,negative,negation_flip
the hotel has not very excellent staff.,negative,negation_flip
the hotel has not so excellent staff.,negative,negation_flip
the hotel has never excellent staff.,negative,negation_flip
the hotel has good the staff.,positive,positive_aug
the hotel has not good the staff.,negative,negation_flip
the hotel has not too good the staff.,negative,negation_flip
the hotel has not very good the staff.,negative,negation_flip
the hotel has not so good the staff.,negative,negation_flip
the hotel has never good the staff.,negative,negation_flip
the hotel has great the staff.,positive,positive_aug
the hotel has not great the staff.,negative,negation_flip
the hotel has not too great the staff.,negative,negation_flip
the hotel has not very great the staff.,negative,negation_flip
the hotel has not so great the staff.,negative,negation_flip
the hotel has never great the staff.,negative,negation_flip
the hotel has nice the staff.,positive,positive_aug
the hotel has not nice the staff.,negative,negation_flip
the hotel has not too nice the staff.,negative,negation_flip
the hotel has not very nice the staff.,negative,negation_flip
the hotel has not so nice the staff.,negative,negation_flip
the hotel has never nice the staff.,negative,negation_flip
the hotel has clean the staff.,positive,positive_aug
the hotel has not clean the staff.,negative,negation_flip
the hotel has not too clean the staff.,negative,negation_flip
the hotel has not very clean the staff.,negative,negation_flip
the hotel has not so clean the staff.,negative,negation_flip
the hotel has never clean the staff.,negative,negation_flip
the hotel has helpful the staff.,positive,positive_aug
the hotel has not helpful the staff.,negative,negation_flip
the hotel has not too helpful the staff.,negative,negation_flip
the hotel has not very helpful the staff.,negative,negation_flip
the hotel has not so helpful the staff.,negative,negation_flip
the hotel has never helpful the staff.,negative,negation_flip
the hotel has friendly the staff.,positive,positive_aug
the hotel has not friendly the staff.,negative,negation_flip
the hotel has not too friendly the staff.,negative,negation_flip
the hotel has not very friendly the staff.,negative,negation_flip
the hotel has not so friendly the staff.,negative,negation_flip
the hotel has never friendly the staff.,negative,negation_flip
the hotel has comfortable the staff.,positive,positive_aug
the hotel has not comfortable the staff.,negative,negation_flip
the hotel has not too comfortable the staff.,negative,negation_flip
the hotel has not very comfortable the staff.,negative,negation_flip
the hotel has not so comfortable the staff.,negative,negation_flip
the hotel has never comfortable the staff.,negative,negation_flip
the hotel has excellent the staff.,positive,positive_aug
the hotel has not excellent the staff.,negative,negation_flip
the hotel has not too excellent the staff.,negative,negation_flip
the hotel has not very excellent the staff.,negative,negation_flip
the hotel has not so excellent the staff.,negative,negation_flip
the hotel has never excellent the staff.,negative,negation_flip
the hotel has good room.,positive,positive_aug
the hotel has not good room.,negative,negation_flip
the hotel has not too good room.,negative,negation_flip
the hotel has not very good room.,negative,negation_flip
the hotel has not so good room.,negative,negation_flip
the hotel has never good room.,negative,negation_flip
the hotel has great room.,positive,positive_aug
the hotel has not great room.,negative,negation_flip
the hotel has not too great room.,negative,negation_flip
the hotel has not very great room.,negative,negation_flip
the hotel has not so great room.,negative,negation_flip
the hotel has never great room.,negative,negation_flip
the hotel has nice room.,positive,positive_aug
the hotel has not nice room.,negative,negation_flip
the hotel has not too nice room.,negative,negation_flip
the hotel has not very nice room.,negative,negation_flip
the hotel has not so nice room.,negative,negation_flip
the hotel has never nice room.,negative,negation_flip
the hotel has clean room.,positive,positive_aug
the hotel has not clean room.,negative,negation_flip
the hotel has not too clean room.,negative,negation_flip
the hotel has not very clean room.,negative,negation_flip
the hotel has not so clean room.,negative,negation_flip
the hotel has never clean room.,negative,negation_flip
the hotel has helpful room.,positive,positive_aug
the hotel has not helpful room.,negative,negation_flip
the hotel has not too helpful room.,negative,negation_flip
the hotel has not very helpful room.,negative,negation_flip
the hotel has not so helpful room.,negative,negation_flip
the hotel has never helpful room.,negative,negation_flip
the hotel has friendly room.,positive,positive_aug
the hotel has not friendly room.,negative,negation_flip
the hotel has not too friendly room.,negative,negation_flip
the hotel has not very friendly room.,negative,negation_flip
the hotel has not so friendly room.,negative,negation_flip
the hotel has never friendly room.,negative,negation_flip
the hotel has comfortable room.,positive,positive_aug
the hotel has not comfortable room.,negative,negation_flip
the hotel has not too comfortable room.,negative,negation_flip
the hotel has not very comfortable room.,negative,negation_flip
the hotel has not so comfortable room.,negative,negation_flip
the hotel has never comfortable room.,negative,negation_flip
the hotel has excellent room.,positive,positive_aug
the hotel has not excellent room.,negative,negation_flip
the hotel has not too excellent room.,negative,negation_flip
the hotel has not very excellent room.,negative,negation_flip
the hotel has not so excellent room.,negative,negation_flip
the hotel has never excellent room.,negative,negation_flip
the hotel has good the room.,positive,positive_aug
the hotel has not good the room.,negative,negation_flip
the hotel has not too good the room.,negative,negation_flip
the hotel has not very good the room.,negative,negation_flip
the hotel has not so good the room.,negative,negation_flip
the hotel has never good the room.,negative,negation_flip
the hotel has great the room.,positive,positive_aug
the hotel has not great the room.,negative,negation_flip
the hotel has not too great the room.,negative,negation_flip
the hotel has not very great the room.,negative,negation_flip
the hotel has not so great the room.,negative,negation_flip
the hotel has never great the room.,negative,negation_flip
the hotel has nice the room.,positive,positive_aug
the hotel has not nice the room.,negative,negation_flip
the hotel has not too nice the room.,negative,negation_flip
the hotel has not very nice the room.,negative,negation_flip
the hotel has not so nice the room.,negative,negation_flip
the hotel has never nice the room.,negative,negation_flip
the hotel has clean the room.,positive,positive_aug
the hotel has not clean the room.,negative,negation_flip
the hotel has not too clean the room.,negative,negation_flip
the hotel has not very clean the room.,negative,negation_flip
the hotel has not so clean the room.,negative,negation_flip
the hotel has never clean the room.,negative,negation_flip
the hotel has helpful the room.,positive,positive_aug
the hotel has not helpful the room.,negative,negation_flip
the hotel has not too helpful the room.,negative,negation_flip
the hotel has not very helpful the room.,negative,negation_flip
the hotel has not so helpful the room.,negative,negation_flip
the hotel has never helpful the room.,negative,negation_flip
the hotel has friendly the room.,positive,positive_aug
the hotel has not friendly the room.,negative,negation_flip
the hotel has not too friendly the room.,negative,negation_flip
the hotel has not very friendly the room.,negative,negation_flip
the hotel has not so friendly the room.,negative,negation_flip
the hotel has never friendly the room.,negative,negation_flip
the hotel has comfortable the room.,positive,positive_aug
the hotel has not comfortable the room.,negative,negation_flip
the hotel has not too comfortable the room.,negative,negation_flip
the hotel has not very comfortable the room.,negative,negation_flip
the hotel has not so comfortable the room.,negative,negation_flip
the hotel has never comfortable the room.,negative,negation_flip
the hotel has excellent the room.,positive,positive_aug
the hotel has not excellent the room.,negative,negation_flip
the hotel has not too excellent the room.,negative,negation_flip
the hotel has not very excellent the room.,negative,negation_flip
the hotel has not so excellent the room.,negative,negation_flip
the hotel has never excellent the room.,negative,negation_flip
the service was bad.,negative,negative_aug
the service was poor.,negative,negative_aug
the service was terrible.,negative,negative_aug
the service was awful.,negative,negative_aug
the service was horrible.,negative,negative_aug
the service was disappointing.,negative,negative_aug
the service was dirty.,negative,negative_aug
the service was rude.,negative,negative_aug
the staff service was bad.,negative,negative_aug
the staff service was poor.,negative,negative_aug
the staff service was terrible.,negative,negative_aug
the staff service was awful.,negative,negative_aug
the staff service was horrible.,negative,negative_aug
the staff service was disappointing.,negative,negative_aug
the staff service was dirty.,negative,negative_aug
the staff service was rude.,negative,negative_aug
the room service was bad.,negative,negative_aug
the room service was poor.,negative,negative_aug
the room service was terrible.,negative,negative_aug
the room service was awful.,negative,negative_aug
the room service was horrible.,negative,negative_aug
the room service was disappointing.,negative,negative_aug
the room service was dirty.,negative,negative_aug
the room service was rude.,negative,negative_aug
the hotel service was bad.,negative,negative_aug
the hotel service was poor.,negative,negative_aug
the hotel service was terrible.,negative,negative_aug
the hotel service was awful.,negative,negative_aug
the hotel service was horrible.,negative,negative_aug
the hotel service was disappointing.,negative,negative_aug
the hotel service was dirty.,negative,negative_aug
the hotel service was rude.,negative,negative_aug
the customer service was bad.,negative,negative_aug
the customer service was poor.,negative,negative_aug
the customer service was terrible.,negative,negative_aug
the customer service was awful.,negative,negative_aug
the customer service was horrible.,negative,negative_aug
the customer service was disappointing.,negative,negative_aug
the customer service was dirty.,negative,negative_aug
the customer service was rude.,negative,negative_aug
the the service was bad.,negative,negative_aug
the the service was poor.,negative,negative_aug
the the service was terrible.,negative,negative_aug
the the service was awful.,negative,negative_aug
the the service was horrible.,negative,negative_aug
the the service was disappointing.,negative,negative_aug
the the service was dirty.,negative,negative_aug
the the service was rude.,negative,negative_aug
the staff was bad.,negative,negative_aug
the staff was poor.,negative,negative_aug
the staff was terrible.,negative,negative_aug
the staff was awful.,negative,negative_aug
the staff was horrible.,negative,negative_aug
the staff was disappointing.,negative,negative_aug
the staff was dirty.,negative,negative_aug
the staff was rude.,negative,negative_aug
the the staff was bad.,negative,negative_aug
the the staff was poor.,negative,negative_aug
the the staff was terrible.,negative,negative_aug
the the staff was awful.,negative,negative_aug
the the staff was horrible.,negative,negative_aug
the the staff was disappointing.,negative,negative_aug
the the staff was dirty.,negative,negative_aug
the the staff was rude.,negative,negative_aug
the room was bad.,negative,negative_aug
the room was poor.,negative,negative_aug
the room was terrible.,negative,negative_aug
the room was awful.,negative,negative_aug
the room was horrible.,negative,negative_aug
the room was disappointing.,negative,negative_aug
the room was dirty.,negative,negative_aug
the room was rude.,negative,negative_aug
the the room was bad.,negative,negative_aug
the the room was poor.,negative,negative_aug
the the room was terrible.,negative,negative_aug
the the room was awful.,negative,negative_aug
the the room was horrible.,negative,negative_aug
the the room was disappointing.,negative,negative_aug
the the room was dirty.,negative,negative_aug
the the room was rude.,negative,negative_aug
the wifi was bad.,negative,negative_aug
the wifi was poor.,negative,negative_aug
the wifi was terrible.,negative,negative_aug
the wifi was awful.,negative,negative_aug
the wifi was horrible.,negative,negative_aug
the wifi was disappointing.,negative,negative_aug
the wifi was dirty.,negative,negative_aug
the wifi was rude.,negative,negative_aug
the the wifi was bad.,negative,negative_aug
the the wifi was poor.,negative,negative_aug
the the wifi was terrible.,negative,negative_aug
the the wifi was awful.,negative,negative_aug
the the wifi was horrible.,negative,negative_aug
the the wifi was disappointing.,negative,negative_aug
the the wifi was dirty.,negative,negative_aug
the the wifi was rude.,negative,negative_aug
the breakfast was bad.,negative,negative_aug
the breakfast was poor.,negative,negative_aug
the breakfast was terrible.,negative,negative_aug
the breakfast was awful.,negative,negative_aug
the breakfast was horrible.,negative,negative_aug
the breakfast was disappointing.,negative,negative_aug
the breakfast was dirty.,negative,negative_aug
the breakfast was rude.,negative,negative_aug
the the breakfast was bad.,negative,negative_aug
the the breakfast was poor.,negative,negative_aug
the the breakfast was terrible.,negative,negative_aug
the the breakfast was awful.,negative,negative_aug
the the breakfast was horrible.,negative,negative_aug
the the breakfast was disappointing.,negative,negative_aug
the the breakfast was dirty.,negative,negative_aug
the the breakfast was rude.,negative,negative_aug
the location was bad.,negative,negative_aug
the location was poor.,negative,negative_aug
the location was terrible.,negative,negative_aug
the location was awful.,negative,negative_aug
the location was horrible.,negative,negative_aug
the location was disappointing.,negative,negative_aug
the location was dirty.,negative,negative_aug
the location was rude.,negative,negative_aug
the the location was bad.,negative,negative_aug
the the location was poor.,negative,negative_aug
the the location was terrible.,negative,negative_aug
the the location was awful.,negative,negative_aug
the the location was horrible.,negative,negative_aug
the the location was disappointing.,negative,negative_aug
the the location was dirty.,negative,negative_aug
the the location was rude.,negative,negative_aug
the facilities was bad.,negative,negative_aug
the facilities was poor.,negative,negative_aug
the facilities was terrible.,negative,negative_aug
the facilities was awful.,negative,negative_aug
the facilities was horrible.,negative,negative_aug
the facilities was disappointing.,negative,negative_aug
the facilities was dirty.,negative,negative_aug
the facilities was rude.,negative,negative_aug
the the facilities was bad.,negative,negative_aug
the the facilities was poor.,negative,negative_aug
the the facilities was terrible.,negative,negative_aug
the the facilities was awful.,negative,negative_aug
the the facilities was horrible.,negative,negative_aug
the the facilities was disappointing.,negative,negative_aug
the the facilities was dirty.,negative,negative_aug
the the facilities was rude.,negative,negative_aug
the stay was bad.,negative,negative_aug
the stay was poor.,negative,negative_aug
the stay was terrible.,negative,negative_aug
the stay was awful.,negative,negative_aug
the stay was horrible.,negative,negative_aug
the stay was disappointing.,negative,negative_aug
the stay was dirty.,negative,negative_aug
the stay was rude.,negative,negative_aug
the the stay was bad.,negative,negative_aug
the the stay was poor.,negative,negative_aug
the the stay was terrible.,negative,negative_aug
the the stay was awful.,negative,negative_aug
the the stay was horrible.,negative,negative_aug
the the stay was disappointing.,negative,negative_aug
the the stay was dirty.,negative,negative_aug
the the stay was rude.,negative,negative_aug
the experience was bad.,negative,negative_aug
the experience was poor.,negative,negative_aug
the experience was terrible.,negative,negative_aug
the experience was awful.,negative,negative_aug
the experience was horrible.,negative,negative_aug
the experience was disappointing.,negative,negative_aug
the experience was dirty.,negative,negative_aug
the experience was rude.,negative,negative_aug
the the experience was bad.,negative,negative_aug
the the experience was poor.,negative,negative_aug
the the experience was terrible.,negative,negative_aug
the the experience was awful.,negative,negative_aug
the the experience was horrible.,negative,negative_aug
the the experience was disappointing.,negative,negative_aug
the the experience was dirty.,negative,negative_aug
the the experience was rude.,negative,negative_aug
the accommodation was bad.,negative,negative_aug
the accommodation was poor.,negative,negative_aug
the accommodation was terrible.,negative,negative_aug
the accommodation was awful.,negative,negative_aug
the accommodation was horrible.,negative,negative_aug
the accommodation was disappointing.,negative,negative_aug
the accommodation was dirty.,negative,negative_aug
the accommodation was rude.,negative,negative_aug
the food was bad.,negative,negative_aug
the food was poor.,negative,negative_aug
the food was terrible.,negative,negative_aug
the food was awful.,negative,negative_aug
the food was horrible.,negative,negative_aug
the food was disappointing.,negative,negative_aug
the food was dirty.,negative,negative_aug
the food was rude.,negative,negative_aug
the the food was bad.,negative,negative_aug
the the food was poor.,negative,negative_aug
the the food was terrible.,negative,negative_aug
the the food was awful.,negative,negative_aug
the the food was horrible.,negative,negative_aug
the the food was disappointing.,negative,negative_aug
the the food was dirty.,negative,negative_aug
the the food was rude.,negative,negative_aug
the cleanliness was bad.,negative,negative_aug
the cleanliness was poor.,negative,negative_aug
the cleanliness was terrible.,negative,negative_aug
the cleanliness was awful.,negative,negative_aug
the cleanliness was horrible.,negative,negative_aug
the cleanliness was disappointing.,negative,negative_aug
the cleanliness was dirty.,negative,negative_aug
the cleanliness was rude.,negative,negative_aug
the value for money was bad.,negative,negative_aug
the value for money was poor.,negative,negative_aug
the value for money was terrible.,negative,negative_aug
the value for money was awful.,negative,negative_aug
the value for money was horrible.,negative,negative_aug
the value for money was disappointing.,negative,negative_aug
the value for money was dirty.,negative,negative_aug
the value for money was rude.,negative,negative_aug
service was bad.,negative,negative_aug
service was poor.,negative,negative_aug
service was terrible.,negative,negative_aug
service was awful.,negative,negative_aug
service was horrible.,negative,negative_aug
service was disappointing.,negative,negative_aug
service was dirty.,negative,negative_aug
service was rude.,negative,negative_aug
staff service was bad.,negative,negative_aug
staff service was poor.,negative,negative_aug
staff service was terrible.,negative,negative_aug
staff service was awful.,negative,negative_aug
staff service was horrible.,negative,negative_aug
staff service was disappointing.,negative,negative_aug
staff service was dirty.,negative,negative_aug
staff service was rude.,negative,negative_aug
room service was bad.,negative,negative_aug
room service was poor.,negative,negative_aug
room service was terrible.,negative,negative_aug
room service was awful.,negative,negative_aug
room service was horrible.,negative,negative_aug
room service was disappointing.,negative,negative_aug
room service was dirty.,negative,negative_aug
room service was rude.,negative,negative_aug
hotel service was bad.,negative,negative_aug
hotel service was poor.,negative,negative_aug
hotel service was terrible.,negative,negative_aug
hotel service was awful.,negative,negative_aug
hotel service was horrible.,negative,negative_aug
hotel service was disappointing.,negative,negative_aug
hotel service was dirty.,negative,negative_aug
hotel service was rude.,negative,negative_aug
customer service was bad.,negative,negative_aug
customer service was poor.,negative,negative_aug
customer service was terrible.,negative,negative_aug
customer service was awful.,negative,negative_aug
customer service was horrible.,negative,negative_aug
customer service was disappointing.,negative,negative_aug
customer service was dirty.,negative,negative_aug
customer service was rude.,negative,negative_aug
the service was bad.,negative,negative_aug
the service was poor.,negative,negative_aug
the service was terrible.,negative,negative_aug
the service was awful.,negative,negative_aug
the service was horrible.,negative,negative_aug
the service was disappointing.,negative,negative_aug
the service was dirty.,negative,negative_aug
the service was rude.,negative,negative_aug
staff was bad.,negative,negative_aug
staff was poor.,negative,negative_aug
staff was terrible.,negative,negative_aug
staff was awful.,negative,negative_aug
staff was horrible.,negative,negative_aug
staff was disappointing.,negative,negative_aug
staff was dirty.,negative,negative_aug
staff was rude.,negative,negative_aug
the staff was bad.,negative,negative_aug
the staff was poor.,negative,negative_aug
the staff was terrible.,negative,negative_aug
the staff was awful.,negative,negative_aug
the staff was horrible.,negative,negative_aug
the staff was disappointing.,negative,negative_aug
the staff was dirty.,negative,negative_aug
the staff was rude.,negative,negative_aug
room was bad.,negative,negative_aug
room was poor.,negative,negative_aug
room was terrible.,negative,negative_aug
room was awful.,negative,negative_aug
room was horrible.,negative,negative_aug
room was disappointing.,negative,negative_aug
room was dirty.,negative,negative_aug
room was rude.,negative,negative_aug
the room was bad.,negative,negative_aug
the room was poor.,negative,negative_aug
the room was terrible.,negative,negative_aug
the room was awful.,negative,negative_aug
the room was horrible.,negative,negative_aug
the room was disappointing.,negative,negative_aug
the room was dirty.,negative,negative_aug
the room was rude.,negative,negative_aug
wifi was bad.,negative,negative_aug
wifi was poor.,negative,negative_aug
wifi was terrible.,negative,negative_aug
wifi was awful.,negative,negative_aug
wifi was horrible.,negative,negative_aug
wifi was disappointing.,negative,negative_aug
wifi was dirty.,negative,negative_aug
wifi was rude.,negative,negative_aug
the wifi was bad.,negative,negative_aug
the wifi was poor.,negative,negative_aug
the wifi was terrible.,negative,negative_aug
the wifi was awful.,negative,negative_aug
the wifi was horrible.,negative,negative_aug
the wifi was disappointing.,negative,negative_aug
the wifi was dirty.,negative,negative_aug
the wifi was rude.,negative,negative_aug
breakfast was bad.,negative,negative_aug
breakfast was poor.,negative,negative_aug
breakfast was terrible.,negative,negative_aug
breakfast was awful.,negative,negative_aug
breakfast was horrible.,negative,negative_aug
breakfast was disappointing.,negative,negative_aug
breakfast was dirty.,negative,negative_aug
breakfast was rude.,negative,negative_aug
the breakfast was bad.,negative,negative_aug
the breakfast was poor.,negative,negative_aug
the breakfast was terrible.,negative,negative_aug
the breakfast was awful.,negative,negative_aug
the breakfast was horrible.,negative,negative_aug
the breakfast was disappointing.,negative,negative_aug
the breakfast was dirty.,negative,negative_aug
the breakfast was rude.,negative,negative_aug
location was bad.,negative,negative_aug
location was poor.,negative,negative_aug
location was terrible.,negative,negative_aug
location was awful.,negative,negative_aug
location was horrible.,negative,negative_aug
location was disappointing.,negative,negative_aug
location was dirty.,negative,negative_aug
location was rude.,negative,negative_aug
the location was bad.,negative,negative_aug
the location was poor.,negative,negative_aug
the location was terrible.,negative,negative_aug
the location was awful.,negative,negative_aug
the location was horrible.,negative,negative_aug
the location was disappointing.,negative,negative_aug
the location was dirty.,negative,negative_aug
the location was rude.,negative,negative_aug
facilities was bad.,negative,negative_aug
facilities was poor.,negative,negative_aug
facilities was terrible.,negative,negative_aug
facilities was awful.,negative,negative_aug
facilities was horrible.,negative,negative_aug
facilities was disappointing.,negative,negative_aug
facilities was dirty.,negative,negative_aug
facilities was rude.,negative,negative_aug
the facilities was bad.,negative,negative_aug
the facilities was poor.,negative,negative_aug
the facilities was terrible.,negative,negative_aug
the facilities was awful.,negative,negative_aug
the facilities was horrible.,negative,negative_aug
the facilities was disappointing.,negative,negative_aug
the facilities was dirty.,negative,negative_aug
the facilities was rude.,negative,negative_aug
stay was bad.,negative,negative_aug
stay was poor.,negative,negative_aug
stay was terrible.,negative,negative_aug
stay was awful.,negative,negative_aug
stay was horrible.,negative,negative_aug
stay was disappointing.,negative,negative_aug
stay was dirty.,negative,negative_aug
stay was rude.,negative,negative_aug
the stay was bad.,negative,negative_aug
the stay was poor.,negative,negative_aug
the stay was terrible.,negative,negative_aug
the stay was awful.,negative,negative_aug
the stay was horrible.,negative,negative_aug
the stay was disappointing.,negative,negative_aug
the stay was dirty.,negative,negative_aug
the stay was rude.,negative,negative_aug
experience was bad.,negative,negative_aug
experience was poor.,negative,negative_aug
experience was terrible.,negative,negative_aug
experience was awful.,negative,negative_aug
experience was horrible.,negative,negative_aug
experience was disappointing.,negative,negative_aug
experience was dirty.,negative,negative_aug
experience was rude.,negative,negative_aug
the experience was bad.,negative,negative_aug
the experience was poor.,negative,negative_aug
the experience was terrible.,negative,negative_aug
the experience was awful.,negative,negative_aug
the experience was horrible.,negative,negative_aug
the experience was disappointing.,negative,negative_aug
the experience was dirty.,negative,negative_aug
the experience was rude.,negative,negative_aug
accommodation was bad.,negative,negative_aug
accommodation was poor.,negative,negative_aug
accommodation was terrible.,negative,negative_aug
accommodation was awful.,negative,negative_aug
accommodation was horrible.,negative,negative_aug
accommodation was disappointing.,negative,negative_aug
accommodation was dirty.,negative,negative_aug
accommodation was rude.,negative,negative_aug
food was bad.,negative,negative_aug
food was poor.,negative,negative_aug
food was terrible.,negative,negative_aug
food was awful.,negative,negative_aug
food was horrible.,negative,negative_aug
food was disappointing.,negative,negative_aug
food was dirty.,negative,negative_aug
food was rude.,negative,negative_aug
the food was bad.,negative,negative_aug
the food was poor.,negative,negative_aug
the food was terrible.,negative,negative_aug
the food was awful.,negative,negative_aug
the food was horrible.,negative,negative_aug
the food was disappointing.,negative,negative_aug
the food was dirty.,negative,negative_aug
the food was rude.,negative,negative_aug
cleanliness was bad.,negative,negative_aug
cleanliness was poor.,negative,negative_aug
cleanliness was terrible.,negative,negative_aug
cleanliness was awful.,negative,negative_aug
cleanliness was horrible.,negative,negative_aug
cleanliness was disappointing.,negative,negative_aug
cleanliness was dirty.,negative,negative_aug
cleanliness was rude.,negative,negative_aug
value for money was bad.,negative,negative_aug
value for money was poor.,negative,negative_aug
value for money was terrible.,negative,negative_aug
value for money was awful.,negative,negative_aug
value for money was horrible.,negative,negative_aug
value for money was disappointing.,negative,negative_aug
value for money was dirty.,negative,negative_aug
value for money was rude.,negative,negative_aug
very bad service.,negative,negative_aug
very poor service.,negative,negative_aug
very terrible service.,negative,negative_aug
very awful service.,negative,negative_aug
very horrible service.,negative,negative_aug
very disappointing service.,negative,negative_aug
very dirty service.,negative,negative_aug
very rude service.,negative,negative_aug
very bad staff service.,negative,negative_aug
very poor staff service.,negative,negative_aug
very terrible staff service.,negative,negative_aug
very awful staff service.,negative,negative_aug
very horrible staff service.,negative,negative_aug
very disappointing staff service.,negative,negative_aug
very dirty staff service.,negative,negative_aug
very rude staff service.,negative,negative_aug
very bad room service.,negative,negative_aug
very poor room service.,negative,negative_aug
very terrible room service.,negative,negative_aug
very awful room service.,negative,negative_aug
very horrible room service.,negative,negative_aug
very disappointing room service.,negative,negative_aug
very dirty room service.,negative,negative_aug
very rude room service.,negative,negative_aug
very bad hotel service.,negative,negative_aug
very poor hotel service.,negative,negative_aug
very terrible hotel service.,negative,negative_aug
very awful hotel service.,negative,negative_aug
very horrible hotel service.,negative,negative_aug
very disappointing hotel service.,negative,negative_aug
very dirty hotel service.,negative,negative_aug
very rude hotel service.,negative,negative_aug
very bad customer service.,negative,negative_aug
very poor customer service.,negative,negative_aug
very terrible customer service.,negative,negative_aug
very awful customer service.,negative,negative_aug
very horrible customer service.,negative,negative_aug
very disappointing customer service.,negative,negative_aug
very dirty customer service.,negative,negative_aug
very rude customer service.,negative,negative_aug
very bad the service.,negative,negative_aug
very poor the service.,negative,negative_aug
very terrible the service.,negative,negative_aug
very awful the service.,negative,negative_aug
very horrible the service.,negative,negative_aug
very disappointing the service.,negative,negative_aug
very dirty the service.,negative,negative_aug
very rude the service.,negative,negative_aug
very bad staff.,negative,negative_aug
very poor staff.,negative,negative_aug
very terrible staff.,negative,negative_aug
very awful staff.,negative,negative_aug
very horrible staff.,negative,negative_aug
very disappointing staff.,negative,negative_aug
very dirty staff.,negative,negative_aug
very rude staff.,negative,negative_aug
very bad the staff.,negative,negative_aug
very poor the staff.,negative,negative_aug
very terrible the staff.,negative,negative_aug
very awful the staff.,negative,negative_aug
very horrible the staff.,negative,negative_aug
very disappointing the staff.,negative,negative_aug
very dirty the staff.,negative,negative_aug
very rude the staff.,negative,negative_aug
very bad room.,negative,negative_aug
very poor room.,negative,negative_aug
very terrible room.,negative,negative_aug
very awful room.,negative,negative_aug
very horrible room.,negative,negative_aug
very disappointing room.,negative,negative_aug
very dirty room.,negative,negative_aug
very rude room.,negative,negative_aug
very bad the room.,negative,negative_aug
very poor the room.,negative,negative_aug
very terrible the room.,negative,negative_aug
very awful the room.,negative,negative_aug
very horrible the room.,negative,negative_aug
very disappointing the room.,negative,negative_aug
very dirty the room.,negative,negative_aug
very rude the room.,negative,negative_aug
very bad wifi.,negative,negative_aug
very poor wifi.,negative,negative_aug
very terrible wifi.,negative,negative_aug
very awful wifi.,negative,negative_aug
very horrible wifi.,negative,negative_aug
very disappointing wifi.,negative,negative_aug
very dirty wifi.,negative,negative_aug
very rude wifi.,negative,negative_aug
very bad the wifi.,negative,negative_aug
very poor the wifi.,negative,negative_aug
very terrible the wifi.,negative,negative_aug
very awful the wifi.,negative,negative_aug
very horrible the wifi.,negative,negative_aug
very disappointing the wifi.,negative,negative_aug
very dirty the wifi.,negative,negative_aug
very rude the wifi.,negative,negative_aug
very bad breakfast.,negative,negative_aug
very poor breakfast.,negative,negative_aug
very terrible breakfast.,negative,negative_aug
very awful breakfast.,negative,negative_aug
very horrible breakfast.,negative,negative_aug
very disappointing breakfast.,negative,negative_aug
very dirty breakfast.,negative,negative_aug
very rude breakfast.,negative,negative_aug
very bad the breakfast.,negative,negative_aug
very poor the breakfast.,negative,negative_aug
very terrible the breakfast.,negative,negative_aug
very awful the breakfast.,negative,negative_aug
very horrible the breakfast.,negative,negative_aug
very disappointing the breakfast.,negative,negative_aug
very dirty the breakfast.,negative,negative_aug
very rude the breakfast.,negative,negative_aug
very bad location.,negative,negative_aug
very poor location.,negative,negative_aug
very terrible location.,negative,negative_aug
very awful location.,negative,negative_aug
very horrible location.,negative,negative_aug
very disappointing location.,negative,negative_aug
very dirty location.,negative,negative_aug
very rude location.,negative,negative_aug
very bad the location.,negative,negative_aug
very poor the location.,negative,negative_aug
very terrible the location.,negative,negative_aug
very awful the location.,negative,negative_aug
very horrible the location.,negative,negative_aug
very disappointing the location.,negative,negative_aug
very dirty the location.,negative,negative_aug
very rude the location.,negative,negative_aug
very bad facilities.,negative,negative_aug
very poor facilities.,negative,negative_aug
very terrible facilities.,negative,negative_aug
very awful facilities.,negative,negative_aug
very horrible facilities.,negative,negative_aug
very disappointing facilities.,negative,negative_aug
very dirty facilities.,negative,negative_aug
very rude facilities.,negative,negative_aug
very bad the facilities.,negative,negative_aug
very poor the facilities.,negative,negative_aug
very terrible the facilities.,negative,negative_aug
very awful the facilities.,negative,negative_aug
very horrible the facilities.,negative,negative_aug
very disappointing the facilities.,negative,negative_aug
very dirty the facilities.,negative,negative_aug
very rude the facilities.,negative,negative_aug
very bad stay.,negative,negative_aug
very poor stay.,negative,negative_aug
very terrible stay.,negative,negative_aug
very awful stay.,negative,negative_aug
very horrible stay.,negative,negative_aug
very disappointing stay.,negative,negative_aug
very dirty stay.,negative,negative_aug
very rude stay.,negative,negative_aug
very bad the stay.,negative,negative_aug
very poor the stay.,negative,negative_aug
very terrible the stay.,negative,negative_aug
very awful the stay.,negative,negative_aug
very horrible the stay.,negative,negative_aug
very disappointing the stay.,negative,negative_aug
very dirty the stay.,negative,negative_aug
very rude the stay.,negative,negative_aug
very bad experience.,negative,negative_aug
very poor experience.,negative,negative_aug
very terrible experience.,negative,negative_aug
very awful experience.,negative,negative_aug
very horrible experience.,negative,negative_aug
very disappointing experience.,negative,negative_aug
very dirty experience.,negative,negative_aug
very rude experience.,negative,negative_aug
very bad the experience.,negative,negative_aug
very poor the experience.,negative,negative_aug
very terrible the experience.,negative,negative_aug
very awful the experience.,negative,negative_aug
very horrible the experience.,negative,negative_aug
very disappointing the experience.,negative,negative_aug
very dirty the experience.,negative,negative_aug
very rude the experience.,negative,negative_aug
very bad accommodation.,negative,negative_aug
very poor accommodation.,negative,negative_aug
very terrible accommodation.,negative,negative_aug
very awful accommodation.,negative,negative_aug
very horrible accommodation.,negative,negative_aug
very disappointing accommodation.,negative,negative_aug
very dirty accommodation.,negative,negative_aug
very rude accommodation.,negative,negative_aug
very bad food.,negative,negative_aug
very poor food.,negative,negative_aug
very terrible food.,negative,negative_aug
very awful food.,negative,negative_aug
very horrible food.,negative,negative_aug
very disappointing food.,negative,negative_aug
very dirty food.,negative,negative_aug
very rude food.,negative,negative_aug
very bad the food.,negative,negative_aug
very poor the food.,negative,negative_aug
very terrible the food.,negative,negative_aug
very awful the food.,negative,negative_aug
very horrible the food.,negative,negative_aug
very disappointing the food.,negative,negative_aug
very dirty the food.,negative,negative_aug
very rude the food.,negative,negative_aug
very bad cleanliness.,negative,negative_aug
very poor cleanliness.,negative,negative_aug
very terrible cleanliness.,negative,negative_aug
very awful cleanliness.,negative,negative_aug
very horrible cleanliness.,negative,negative_aug
very disappointing cleanliness.,negative,negative_aug
very dirty cleanliness.,negative,negative_aug
very rude cleanliness.,negative,negative_aug
very bad value for money.,negative,negative_aug
very poor value for money.,negative,negative_aug
very terrible value for money.,negative,negative_aug
very awful value for money.,negative,negative_aug
very horrible value for money.,negative,negative_aug
very disappointing value for money.,negative,negative_aug
very dirty value for money.,negative,negative_aug
very rude value for money.,negative,negative_aug
really bad service.,negative,negative_aug
really poor service.,negative,negative_aug
really terrible service.,negative,negative_aug
really awful service.,negative,negative_aug
really horrible service.,negative,negative_aug
really disappointing service.,negative,negative_aug
really dirty service.,negative,negative_aug
really rude service.,negative,negative_aug
really bad staff service.,negative,negative_aug
really poor staff service.,negative,negative_aug
really terrible staff service.,negative,negative_aug
really awful staff service.,negative,negative_aug
really horrible staff service.,negative,negative_aug
really disappointing staff service.,negative,negative_aug
really dirty staff service.,negative,negative_aug
really rude staff service.,negative,negative_aug
really bad room service.,negative,negative_aug
really poor room service.,negative,negative_aug
really terrible room service.,negative,negative_aug
really awful room service.,negative,negative_aug
really horrible room service.,negative,negative_aug
really disappointing room service.,negative,negative_aug
really dirty room service.,negative,negative_aug
really rude room service.,negative,negative_aug
really bad hotel service.,negative,negative_aug
really poor hotel service.,negative,negative_aug
really terrible hotel service.,negative,negative_aug
really awful hotel service.,negative,negative_aug
really horrible hotel service.,negative,negative_aug
really disappointing hotel service.,negative,negative_aug
really dirty hotel service.,negative,negative_aug
really rude hotel service.,negative,negative_aug
really bad customer service.,negative,negative_aug
really poor customer service.,negative,negative_aug
really terrible customer service.,negative,negative_aug
really awful customer service.,negative,negative_aug
really horrible customer service.,negative,negative_aug
really disappointing customer service.,negative,negative_aug
really dirty customer service.,negative,negative_aug
really rude customer service.,negative,negative_aug
really bad the service.,negative,negative_aug
really poor the service.,negative,negative_aug
really terrible the service.,negative,negative_aug
really awful the service.,negative,negative_aug
really horrible the service.,negative,negative_aug
really disappointing the service.,negative,negative_aug
really dirty the service.,negative,negative_aug
really rude the service.,negative,negative_aug
really bad staff.,negative,negative_aug
really poor staff.,negative,negative_aug
really terrible staff.,negative,negative_aug
really awful staff.,negative,negative_aug
really horrible staff.,negative,negative_aug
really disappointing staff.,negative,negative_aug
really dirty staff.,negative,negative_aug
really rude staff.,negative,negative_aug
really bad the staff.,negative,negative_aug
really poor the staff.,negative,negative_aug
really terrible the staff.,negative,negative_aug
really awful the staff.,negative,negative_aug
really horrible the staff.,negative,negative_aug
really disappointing the staff.,negative,negative_aug
really dirty the staff.,negative,negative_aug
really rude the staff.,negative,negative_aug
really bad room.,negative,negative_aug
really poor room.,negative,negative_aug
really terrible room.,negative,negative_aug
really awful room.,negative,negative_aug
really horrible room.,negative,negative_aug
really disappointing room.,negative,negative_aug
really dirty room.,negative,negative_aug
really rude room.,negative,negative_aug
really bad the room.,negative,negative_aug
really poor the room.,negative,negative_aug
really terrible the room.,negative,negative_aug
really awful the room.,negative,negative_aug
really horrible the room.,negative,negative_aug
really disappointing the room.,negative,negative_aug
really dirty the room.,negative,negative_aug
really rude the room.,negative,negative_aug
really bad wifi.,negative,negative_aug
really poor wifi.,negative,negative_aug
really terrible wifi.,negative,negative_aug
really awful wifi.,negative,negative_aug
really horrible wifi.,negative,negative_aug
really disappointing wifi.,negative,negative_aug
really dirty wifi.,negative,negative_aug
really rude wifi.,negative,negative_aug
really bad the wifi.,negative,negative_aug
really poor the wifi.,negative,negative_aug
really terrible the wifi.,negative,negative_aug
really awful the wifi.,negative,negative_aug
really horrible the wifi.,negative,negative_aug
really disappointing the wifi.,negative,negative_aug
really dirty the wifi.,negative,negative_aug
really rude the wifi.,negative,negative_aug
really bad breakfast.,negative,negative_aug
really poor breakfast.,negative,negative_aug
really terrible breakfast.,negative,negative_aug
really awful breakfast.,negative,negative_aug
really horrible breakfast.,negative,negative_aug
really disappointing breakfast.,negative,negative_aug
really dirty breakfast.,negative,negative_aug
really rude breakfast.,negative,negative_aug
really bad the breakfast.,negative,negative_aug
really poor the breakfast.,negative,negative_aug
really terrible the breakfast.,negative,negative_aug
really awful the breakfast.,negative,negative_aug
really horrible the breakfast.,negative,negative_aug
really disappointing the breakfast.,negative,negative_aug
really dirty the breakfast.,negative,negative_aug
really rude the breakfast.,negative,negative_aug
really bad location.,negative,negative_aug
really poor location.,negative,negative_aug
really terrible location.,negative,negative_aug
really awful location.,negative,negative_aug
really horrible location.,negative,negative_aug
really disappointing location.,negative,negative_aug
really dirty location.,negative,negative_aug
really rude location.,negative,negative_aug
really bad the location.,negative,negative_aug
really poor the location.,negative,negative_aug
really terrible the location.,negative,negative_aug
really awful the location.,negative,negative_aug
really horrible the location.,negative,negative_aug
really disappointing the location.,negative,negative_aug
really dirty the location.,negative,negative_aug
really rude the location.,negative,negative_aug
really bad facilities.,negative,negative_aug
really poor facilities.,negative,negative_aug
really terrible facilities.,negative,negative_aug
really awful facilities.,negative,negative_aug
really horrible facilities.,negative,negative_aug
really disappointing facilities.,negative,negative_aug
really dirty facilities.,negative,negative_aug
really rude facilities.,negative,negative_aug
really bad the facilities.,negative,negative_aug
really poor the facilities.,negative,negative_aug
really terrible the facilities.,negative,negative_aug
really awful the facilities.,negative,negative_aug
really horrible the facilities.,negative,negative_aug
really disappointing the facilities.,negative,negative_aug
really dirty the facilities.,negative,negative_aug
really rude the facilities.,negative,negative_aug
really bad stay.,negative,negative_aug
really poor stay.,negative,negative_aug
really terrible stay.,negative,negative_aug
really awful stay.,negative,negative_aug
really horrible stay.,negative,negative_aug
really disappointing stay.,negative,negative_aug
really dirty stay.,negative,negative_aug
really rude stay.,negative,negative_aug
really bad the stay.,negative,negative_aug
really poor the stay.,negative,negative_aug
really terrible the stay.,negative,negative_aug
really awful the stay.,negative,negative_aug
really horrible the stay.,negative,negative_aug
really disappointing the stay.,negative,negative_aug
really dirty the stay.,negative,negative_aug
really rude the stay.,negative,negative_aug
really bad experience.,negative,negative_aug
really poor experience.,negative,negative_aug
really terrible experience.,negative,negative_aug
really awful experience.,negative,negative_aug
really horrible experience.,negative,negative_aug
really disappointing experience.,negative,negative_aug
really dirty experience.,negative,negative_aug
really rude experience.,negative,negative_aug
really bad the experience.,negative,negative_aug
really poor the experience.,negative,negative_aug
really terrible the experience.,negative,negative_aug
really awful the experience.,negative,negative_aug
really horrible the experience.,negative,negative_aug
really disappointing the experience.,negative,negative_aug
really dirty the experience.,negative,negative_aug
really rude the experience.,negative,negative_aug
really bad accommodation.,negative,negative_aug
really poor accommodation.,negative,negative_aug
really terrible accommodation.,negative,negative_aug
really awful accommodation.,negative,negative_aug
really horrible accommodation.,negative,negative_aug
really disappointing accommodation.,negative,negative_aug
really dirty accommodation.,negative,negative_aug
really rude accommodation.,negative,negative_aug
really bad food.,negative,negative_aug
really poor food.,negative,negative_aug
really terrible food.,negative,negative_aug
really awful food.,negative,negative_aug
really horrible food.,negative,negative_aug
really disappointing food.,negative,negative_aug
really dirty food.,negative,negative_aug
really rude food.,negative,negative_aug
really bad the food.,negative,negative_aug
really poor the food.,negative,negative_aug
really terrible the food.,negative,negative_aug
really awful the food.,negative,negative_aug
really horrible the food.,negative,negative_aug
really disappointing the food.,negative,negative_aug
really dirty the food.,negative,negative_aug
really rude the food.,negative,negative_aug
really bad cleanliness.,negative,negative_aug
really poor cleanliness.,negative,negative_aug
really terrible cleanliness.,negative,negative_aug
really awful cleanliness.,negative,negative_aug
really horrible cleanliness.,negative,negative_aug
really disappointing cleanliness.,negative,negative_aug
really dirty cleanliness.,negative,negative_aug
really rude cleanliness.,negative,negative_aug
really bad value for money.,negative,negative_aug
really poor value for money.,negative,negative_aug
really terrible value for money.,negative,negative_aug
really awful value for money.,negative,negative_aug
really horrible value for money.,negative,negative_aug
really disappointing value for money.,negative,negative_aug
really dirty value for money.,negative,negative_aug
really rude value for money.,negative,negative_aug
poor service.,negative,negative_aug
poor service.,negative,negative_aug
poor service.,negative,negative_aug
poor service.,negative,negative_aug
poor service.,negative,negative_aug
poor service.,negative,negative_aug
poor service.,negative,negative_aug
poor service.,negative,negative_aug
poor staff service.,negative,negative_aug
poor staff service.,negative,negative_aug
poor staff service.,negative,negative_aug
poor staff service.,negative,negative_aug
poor staff service.,negative,negative_aug
poor staff service.,negative,negative_aug
poor staff service.,negative,negative_aug
poor staff service.,negative,negative_aug
poor room service.,negative,negative_aug
poor room service.,negative,negative_aug
poor room service.,negative,negative_aug
poor room service.,negative,negative_aug
poor room service.,negative,negative_aug
poor room service.,negative,negative_aug
poor room service.,negative,negative_aug
poor room service.,negative,negative_aug
poor hotel service.,negative,negative_aug
poor hotel service.,negative,negative_aug
poor hotel service.,negative,negative_aug
poor hotel service.,negative,negative_aug
poor hotel service.,negative,negative_aug
poor hotel service.,negative,negative_aug
poor hotel service.,negative,negative_aug
poor hotel service.,negative,negative_aug
poor customer service.,negative,negative_aug
poor customer service.,negative,negative_aug
poor customer service.,negative,negative_aug
poor customer service.,negative,negative_aug
poor customer service.,negative,negative_aug
poor customer service.,negative,negative_aug
poor customer service.,negative,negative_aug
poor customer service.,negative,negative_aug
poor the service.,negative,negative_aug
poor the service.,negative,negative_aug
poor the service.,negative,negative_aug
poor the service.,negative,negative_aug
poor the service.,negative,negative_aug
poor the service.,negative,negative_aug
poor the service.,negative,negative_aug
poor the service.,negative,negative_aug
poor staff.,negative,negative_aug
poor staff.,negative,negative_aug
poor staff.,negative,negative_aug
poor staff.,negative,negative_aug
poor staff.,negative,negative_aug
poor staff.,negative,negative_aug
poor staff.,negative,negative_aug
poor staff.,negative,negative_aug
poor the staff.,negative,negative_aug
poor the staff.,negative,negative_aug
poor the staff.,negative,negative_aug
poor the staff.,negative,negative_aug
poor the staff.,negative,negative_aug
poor the staff.,negative,negative_aug
poor the staff.,negative,negative_aug
poor the staff.,negative,negative_aug
poor room.,negative,negative_aug
poor room.,negative,negative_aug
poor room.,negative,negative_aug
poor room.,negative,negative_aug
poor room.,negative,negative_aug
poor room.,negative,negative_aug
poor room.,negative,negative_aug
poor room.,negative,negative_aug
poor the room.,negative,negative_aug
poor the room.,negative,negative_aug
poor the room.,negative,negative_aug
poor the room.,negative,negative_aug
poor the room.,negative,negative_aug
poor the room.,negative,negative_aug
poor the room.,negative,negative_aug
poor the room.,negative,negative_aug
poor wifi.,negative,negative_aug
poor wifi.,negative,negative_aug
poor wifi.,negative,negative_aug
poor wifi.,negative,negative_aug
poor wifi.,negative,negative_aug
poor wifi.,negative,negative_aug
poor wifi.,negative,negative_aug
poor wifi.,negative,negative_aug
poor the wifi.,negative,negative_aug
poor the wifi.,negative,negative_aug
poor the wifi.,negative,negative_aug
poor the wifi.,negative,negative_aug
poor the wifi.,negative,negative_aug
poor the wifi.,negative,negative_aug
poor the wifi.,negative,negative_aug
poor the wifi.,negative,negative_aug
poor breakfast.,negative,negative_aug
poor breakfast.,negative,negative_aug
poor breakfast.,negative,negative_aug
poor breakfast.,negative,negative_aug
poor breakfast.,negative,negative_aug
poor breakfast.,negative,negative_aug
poor breakfast.,negative,negative_aug
poor breakfast.,negative,negative_aug
poor the breakfast.,negative,negative_aug
poor the breakfast.,negative,negative_aug
poor the breakfast.,negative,negative_aug
poor the breakfast.,negative,negative_aug
poor the breakfast.,negative,negative_aug
poor the breakfast.,negative,negative_aug
poor the breakfast.,negative,negative_aug
poor the breakfast.,negative,negative_aug
poor location.,negative,negative_aug
poor location.,negative,negative_aug
poor location.,negative,negative_aug
poor location.,negative,negative_aug
poor location.,negative,negative_aug
poor location.,negative,negative_aug
poor location.,negative,negative_aug
poor location.,negative,negative_aug
poor the location.,negative,negative_aug
poor the location.,negative,negative_aug
poor the location.,negative,negative_aug
poor the location.,negative,negative_aug
poor the location.,negative,negative_aug
poor the location.,negative,negative_aug
poor the location.,negative,negative_aug
poor the location.,negative,negative_aug
poor facilities.,negative,negative_aug
poor facilities.,negative,negative_aug
poor facilities.,negative,negative_aug
poor facilities.,negative,negative_aug
poor facilities.,negative,negative_aug
poor facilities.,negative,negative_aug
poor facilities.,negative,negative_aug
poor facilities.,negative,negative_aug
poor the facilities.,negative,negative_aug
poor the facilities.,negative,negative_aug
poor the facilities.,negative,negative_aug
poor the facilities.,negative,negative_aug
poor the facilities.,negative,negative_aug
poor the facilities.,negative,negative_aug
poor the facilities.,negative,negative_aug
poor the facilities.,negative,negative_aug
poor stay.,negative,negative_aug
poor stay.,negative,negative_aug
poor stay.,negative,negative_aug
poor stay.,negative,negative_aug
poor stay.,negative,negative_aug
poor stay.,negative,negative_aug
poor stay.,negative,negative_aug
poor stay.,negative,negative_aug
poor the stay.,negative,negative_aug
poor the stay.,negative,negative_aug
poor the stay.,negative,negative_aug
poor the stay.,negative,negative_aug
poor the stay.,negative,negative_aug
poor the stay.,negative,negative_aug
poor the stay.,negative,negative_aug
poor the stay.,negative,negative_aug
poor experience.,negative,negative_aug
poor experience.,negative,negative_aug
poor experience.,negative,negative_aug
poor experience.,negative,negative_aug
poor experience.,negative,negative_aug
poor experience.,negative,negative_aug
poor experience.,negative,negative_aug
poor experience.,negative,negative_aug
poor the experience.,negative,negative_aug
poor the experience.,negative,negative_aug
poor the experience.,negative,negative_aug
poor the experience.,negative,negative_aug
poor the experience.,negative,negative_aug
poor the experience.,negative,negative_aug
poor the experience.,negative,negative_aug
poor the experience.,negative,negative_aug
poor accommodation.,negative,negative_aug
poor accommodation.,negative,negative_aug
poor accommodation.,negative,negative_aug
poor accommodation.,negative,negative_aug
poor accommodation.,negative,negative_aug
poor accommodation.,negative,negative_aug
poor accommodation.,negative,negative_aug
poor accommodation.,negative,negative_aug
poor food.,negative,negative_aug
poor food.,negative,negative_aug
poor food.,negative,negative_aug
poor food.,negative,negative_aug
poor food.,negative,negative_aug
poor food.,negative,negative_aug
poor food.,negative,negative_aug
poor food.,negative,negative_aug
poor the food.,negative,negative_aug
poor the food.,negative,negative_aug
poor the food.,negative,negative_aug
poor the food.,negative,negative_aug
poor the food.,negative,negative_aug
poor the food.,negative,negative_aug
poor the food.,negative,negative_aug
poor the food.,negative,negative_aug
poor cleanliness.,negative,negative_aug
poor cleanliness.,negative,negative_aug
poor cleanliness.,negative,negative_aug
poor cleanliness.,negative,negative_aug
poor cleanliness.,negative,negative_aug
poor cleanliness.,negative,negative_aug
poor cleanliness.,negative,negative_aug
poor cleanliness.,negative,negative_aug
poor value for money.,negative,negative_aug
poor value for money.,negative,negative_aug
poor value for money.,negative,negative_aug
poor value for money.,negative,negative_aug
poor value for money.,negative,negative_aug
poor value for money.,negative,negative_aug
poor value for money.,negative,negative_aug
poor value for money.,negative,negative_aug
bad service.,negative,negative_aug
bad service.,negative,negative_aug
bad service.,negative,negative_aug
bad service.,negative,negative_aug
bad service.,negative,negative_aug
bad service.,negative,negative_aug
bad service.,negative,negative_aug
bad service.,negative,negative_aug
bad staff service.,negative,negative_aug
bad staff service.,negative,negative_aug
bad staff service.,negative,negative_aug
bad staff service.,negative,negative_aug
bad staff service.,negative,negative_aug
bad staff service.,negative,negative_aug
bad staff service.,negative,negative_aug
bad staff service.,negative,negative_aug
bad room service.,negative,negative_aug
bad room service.,negative,negative_aug
bad room service.,negative,negative_aug
bad room service.,negative,negative_aug
bad room service.,negative,negative_aug
bad room service.,negative,negative_aug
bad room service.,negative,negative_aug
bad room service.,negative,negative_aug
bad hotel service.,negative,negative_aug
bad hotel service.,negative,negative_aug
bad hotel service.,negative,negative_aug
bad hotel service.,negative,negative_aug
bad hotel service.,negative,negative_aug
bad hotel service.,negative,negative_aug
bad hotel service.,negative,negative_aug
bad hotel service.,negative,negative_aug
bad customer service.,negative,negative_aug
bad customer service.,negative,negative_aug
bad customer service.,negative,negative_aug
bad customer service.,negative,negative_aug
bad customer service.,negative,negative_aug
bad customer service.,negative,negative_aug
bad customer service.,negative,negative_aug
bad customer service.,negative,negative_aug
bad the service.,negative,negative_aug
bad the service.,negative,negative_aug
bad the service.,negative,negative_aug
bad the service.,negative,negative_aug
bad the service.,negative,negative_aug
bad the service.,negative,negative_aug
bad the service.,negative,negative_aug
bad the service.,negative,negative_aug
bad staff.,negative,negative_aug
bad staff.,negative,negative_aug
bad staff.,negative,negative_aug
bad staff.,negative,negative_aug
bad staff.,negative,negative_aug
bad staff.,negative,negative_aug
bad staff.,negative,negative_aug
bad staff.,negative,negative_aug
bad the staff.,negative,negative_aug
bad the staff.,negative,negative_aug
bad the staff.,negative,negative_aug
bad the staff.,negative,negative_aug
bad the staff.,negative,negative_aug
bad the staff.,negative,negative_aug
bad the staff.,negative,negative_aug
bad the staff.,negative,negative_aug
bad room.,negative,negative_aug
bad room.,negative,negative_aug
bad room.,negative,negative_aug
bad room.,negative,negative_aug
bad room.,negative,negative_aug
bad room.,negative,negative_aug
bad room.,negative,negative_aug
bad room.,negative,negative_aug
bad the room.,negative,negative_aug
bad the room.,negative,negative_aug
bad the room.,negative,negative_aug
bad the room.,negative,negative_aug
bad the room.,negative,negative_aug
bad the room.,negative,negative_aug
bad the room.,negative,negative_aug
bad the room.,negative,negative_aug
bad wifi.,negative,negative_aug
bad wifi.,negative,negative_aug
bad wifi.,negative,negative_aug
bad wifi.,negative,negative_aug
bad wifi.,negative,negative_aug
bad wifi.,negative,negative_aug
bad wifi.,negative,negative_aug
bad wifi.,negative,negative_aug
bad the wifi.,negative,negative_aug
bad the wifi.,negative,negative_aug
bad the wifi.,negative,negative_aug
bad the wifi.,negative,negative_aug
bad the wifi.,negative,negative_aug
bad the wifi.,negative,negative_aug
bad the wifi.,negative,negative_aug
bad the wifi.,negative,negative_aug
bad breakfast.,negative,negative_aug
bad breakfast.,negative,negative_aug
bad breakfast.,negative,negative_aug
bad breakfast.,negative,negative_aug
bad breakfast.,negative,negative_aug
bad breakfast.,negative,negative_aug
bad breakfast.,negative,negative_aug
bad breakfast.,negative,negative_aug
bad the breakfast.,negative,negative_aug
bad the breakfast.,negative,negative_aug
bad the breakfast.,negative,negative_aug
bad the breakfast.,negative,negative_aug
bad the breakfast.,negative,negative_aug
bad the breakfast.,negative,negative_aug
bad the breakfast.,negative,negative_aug
bad the breakfast.,negative,negative_aug
bad location.,negative,negative_aug
bad location.,negative,negative_aug
bad location.,negative,negative_aug
bad location.,negative,negative_aug
bad location.,negative,negative_aug
bad location.,negative,negative_aug
bad location.,negative,negative_aug
bad location.,negative,negative_aug
bad the location.,negative,negative_aug
bad the location.,negative,negative_aug
bad the location.,negative,negative_aug
bad the location.,negative,negative_aug
bad the location.,negative,negative_aug
bad the location.,negative,negative_aug
bad the location.,negative,negative_aug
bad the location.,negative,negative_aug
bad facilities.,negative,negative_aug
bad facilities.,negative,negative_aug
bad facilities.,negative,negative_aug
bad facilities.,negative,negative_aug
bad facilities.,negative,negative_aug
bad facilities.,negative,negative_aug
bad facilities.,negative,negative_aug
bad facilities.,negative,negative_aug
bad the facilities.,negative,negative_aug
bad the facilities.,negative,negative_aug
bad the facilities.,negative,negative_aug
bad the facilities.,negative,negative_aug
bad the facilities.,negative,negative_aug
bad the facilities.,negative,negative_aug
bad the facilities.,negative,negative_aug
bad the facilities.,negative,negative_aug
bad stay.,negative,negative_aug
bad stay.,negative,negative_aug
bad stay.,negative,negative_aug
bad stay.,negative,negative_aug
bad stay.,negative,negative_aug
bad stay.,negative,negative_aug
bad stay.,negative,negative_aug
bad stay.,negative,negative_aug
bad the stay.,negative,negative_aug
bad the stay.,negative,negative_aug
bad the stay.,negative,negative_aug
bad the stay.,negative,negative_aug
bad the stay.,negative,negative_aug
bad the stay.,negative,negative_aug
bad the stay.,negative,negative_aug
bad the stay.,negative,negative_aug
bad experience.,negative,negative_aug
bad experience.,negative,negative_aug
bad experience.,negative,negative_aug
bad experience.,negative,negative_aug
bad experience.,negative,negative_aug
bad experience.,negative,negative_aug
bad experience.,negative,negative_aug
bad experience.,negative,negative_aug
bad the experience.,negative,negative_aug
bad the experience.,negative,negative_aug
bad the experience.,negative,negative_aug
bad the experience.,negative,negative_aug
bad the experience.,negative,negative_aug
bad the experience.,negative,negative_aug
bad the experience.,negative,negative_aug
bad the experience.,negative,negative_aug
bad accommodation.,negative,negative_aug
bad accommodation.,negative,negative_aug
bad accommodation.,negative,negative_aug
bad accommodation.,negative,negative_aug
bad accommodation.,negative,negative_aug
bad accommodation.,negative,negative_aug
bad accommodation.,negative,negative_aug
bad accommodation.,negative,negative_aug
bad food.,negative,negative_aug
bad food.,negative,negative_aug
bad food.,negative,negative_aug
bad food.,negative,negative_aug
bad food.,negative,negative_aug
bad food.,negative,negative_aug
bad food.,negative,negative_aug
bad food.,negative,negative_aug
bad the food.,negative,negative_aug
bad the food.,negative,negative_aug
bad the food.,negative,negative_aug
bad the food.,negative,negative_aug
bad the food.,negative,negative_aug
bad the food.,negative,negative_aug
bad the food.,negative,negative_aug
bad the food.,negative,negative_aug
bad cleanliness.,negative,negative_aug
bad cleanliness.,negative,negative_aug
bad cleanliness.,negative,negative_aug
bad cleanliness.,negative,negative_aug
bad cleanliness.,negative,negative_aug
bad cleanliness.,negative,negative_aug
bad cleanliness.,negative,negative_aug
bad cleanliness.,negative,negative_aug
bad value for money.,negative,negative_aug
bad value for money.,negative,negative_aug
bad value for money.,negative,negative_aug
bad value for money.,negative,negative_aug
bad value for money.,negative,negative_aug
bad value for money.,negative,negative_aug
bad value for money.,negative,negative_aug
bad value for money.,negative,negative_aug
terrible service.,negative,negative_aug
terrible service.,negative,negative_aug
terrible service.,negative,negative_aug
terrible service.,negative,negative_aug
terrible service.,negative,negative_aug
terrible service.,negative,negative_aug
terrible service.,negative,negative_aug
terrible service.,negative,negative_aug
terrible staff service.,negative,negative_aug
terrible staff service.,negative,negative_aug
terrible staff service.,negative,negative_aug
terrible staff service.,negative,negative_aug
terrible staff service.,negative,negative_aug
terrible staff service.,negative,negative_aug
terrible staff service.,negative,negative_aug
terrible staff service.,negative,negative_aug
terrible room service.,negative,negative_aug
terrible room service.,negative,negative_aug
terrible room service.,negative,negative_aug
terrible room service.,negative,negative_aug
terrible room service.,negative,negative_aug
terrible room service.,negative,negative_aug
terrible room service.,negative,negative_aug
terrible room service.,negative,negative_aug
terrible hotel service.,negative,negative_aug
terrible hotel service.,negative,negative_aug
terrible hotel service.,negative,negative_aug
terrible hotel service.,negative,negative_aug
terrible hotel service.,negative,negative_aug
terrible hotel service.,negative,negative_aug
terrible hotel service.,negative,negative_aug
terrible hotel service.,negative,negative_aug
terrible customer service.,negative,negative_aug
terrible customer service.,negative,negative_aug
terrible customer service.,negative,negative_aug
terrible customer service.,negative,negative_aug
terrible customer service.,negative,negative_aug
terrible customer service.,negative,negative_aug
terrible customer service.,negative,negative_aug
terrible customer service.,negative,negative_aug
terrible the service.,negative,negative_aug
terrible the service.,negative,negative_aug
terrible the service.,negative,negative_aug
terrible the service.,negative,negative_aug
terrible the service.,negative,negative_aug
terrible the service.,negative,negative_aug
terrible the service.,negative,negative_aug
terrible the service.,negative,negative_aug
terrible staff.,negative,negative_aug
terrible staff.,negative,negative_aug
terrible staff.,negative,negative_aug
terrible staff.,negative,negative_aug
terrible staff.,negative,negative_aug
terrible staff.,negative,negative_aug
terrible staff.,negative,negative_aug
terrible staff.,negative,negative_aug
terrible the staff.,negative,negative_aug
terrible the staff.,negative,negative_aug
terrible the staff.,negative,negative_aug
terrible the staff.,negative,negative_aug
terrible the staff.,negative,negative_aug
terrible the staff.,negative,negative_aug
terrible the staff.,negative,negative_aug
terrible the staff.,negative,negative_aug
terrible room.,negative,negative_aug
terrible room.,negative,negative_aug
terrible room.,negative,negative_aug
terrible room.,negative,negative_aug
terrible room.,negative,negative_aug
terrible room.,negative,negative_aug
terrible room.,negative,negative_aug
terrible room.,negative,negative_aug
terrible the room.,negative,negative_aug
terrible the room.,negative,negative_aug
terrible the room.,negative,negative_aug
terrible the room.,negative,negative_aug
terrible the room.,negative,negative_aug
terrible the room.,negative,negative_aug
terrible the room.,negative,negative_aug
terrible the room.,negative,negative_aug
terrible wifi.,negative,negative_aug
terrible wifi.,negative,negative_aug
terrible wifi.,negative,negative_aug
terrible wifi.,negative,negative_aug
terrible wifi.,negative,negative_aug
terrible wifi.,negative,negative_aug
terrible wifi.,negative,negative_aug
terrible wifi.,negative,negative_aug
terrible the wifi.,negative,negative_aug
terrible the wifi.,negative,negative_aug
terrible the wifi.,negative,negative_aug
terrible the wifi.,negative,negative_aug
terrible the wifi.,negative,negative_aug
terrible the wifi.,negative,negative_aug
terrible the wifi.,negative,negative_aug
terrible the wifi.,negative,negative_aug
terrible breakfast.,negative,negative_aug
terrible breakfast.,negative,negative_aug
terrible breakfast.,negative,negative_aug
terrible breakfast.,negative,negative_aug
terrible breakfast.,negative,negative_aug
terrible breakfast.,negative,negative_aug
terrible breakfast.,negative,negative_aug
terrible breakfast.,negative,negative_aug
terrible the breakfast.,negative,negative_aug
terrible the breakfast.,negative,negative_aug
terrible the breakfast.,negative,negative_aug
terrible the breakfast.,negative,negative_aug
terrible the breakfast.,negative,negative_aug
terrible the breakfast.,negative,negative_aug
terrible the breakfast.,negative,negative_aug
terrible the breakfast.,negative,negative_aug
terrible location.,negative,negative_aug
terrible location.,negative,negative_aug
terrible location.,negative,negative_aug
terrible location.,negative,negative_aug
terrible location.,negative,negative_aug
terrible location.,negative,negative_aug
terrible location.,negative,negative_aug
terrible location.,negative,negative_aug
terrible the location.,negative,negative_aug
terrible the location.,negative,negative_aug
terrible the location.,negative,negative_aug
terrible the location.,negative,negative_aug
terrible the location.,negative,negative_aug
terrible the location.,negative,negative_aug
terrible the location.,negative,negative_aug
terrible the location.,negative,negative_aug
terrible facilities.,negative,negative_aug
terrible facilities.,negative,negative_aug
terrible facilities.,negative,negative_aug
terrible facilities.,negative,negative_aug
terrible facilities.,negative,negative_aug
terrible facilities.,negative,negative_aug
terrible facilities.,negative,negative_aug
terrible facilities.,negative,negative_aug
terrible the facilities.,negative,negative_aug
terrible the facilities.,negative,negative_aug
terrible the facilities.,negative,negative_aug
terrible the facilities.,negative,negative_aug
terrible the facilities.,negative,negative_aug
terrible the facilities.,negative,negative_aug
terrible the facilities.,negative,negative_aug
terrible the facilities.,negative,negative_aug
terrible stay.,negative,negative_aug
terrible stay.,negative,negative_aug
terrible stay.,negative,negative_aug
terrible stay.,negative,negative_aug
terrible stay.,negative,negative_aug
terrible stay.,negative,negative_aug
terrible stay.,negative,negative_aug
terrible stay.,negative,negative_aug
terrible the stay.,negative,negative_aug
terrible the stay.,negative,negative_aug
terrible the stay.,negative,negative_aug
terrible the stay.,negative,negative_aug
terrible the stay.,negative,negative_aug
terrible the stay.,negative,negative_aug
terrible the stay.,negative,negative_aug
terrible the stay.,negative,negative_aug
terrible experience.,negative,negative_aug
terrible experience.,negative,negative_aug
terrible experience.,negative,negative_aug
terrible experience.,negative,negative_aug
terrible experience.,negative,negative_aug
terrible experience.,negative,negative_aug
terrible experience.,negative,negative_aug
terrible experience.,negative,negative_aug
terrible the experience.,negative,negative_aug
terrible the experience.,negative,negative_aug
terrible the experience.,negative,negative_aug
terrible the experience.,negative,negative_aug
terrible the experience.,negative,negative_aug
terrible the experience.,negative,negative_aug
terrible the experience.,negative,negative_aug
terrible the experience.,negative,negative_aug
terrible accommodation.,negative,negative_aug
terrible accommodation.,negative,negative_aug
terrible accommodation.,negative,negative_aug
terrible accommodation.,negative,negative_aug
terrible accommodation.,negative,negative_aug
terrible accommodation.,negative,negative_aug
terrible accommodation.,negative,negative_aug
terrible accommodation.,negative,negative_aug
terrible food.,negative,negative_aug
terrible food.,negative,negative_aug
terrible food.,negative,negative_aug
terrible food.,negative,negative_aug
terrible food.,negative,negative_aug
terrible food.,negative,negative_aug
terrible food.,negative,negative_aug
terrible food.,negative,negative_aug
terrible the food.,negative,negative_aug
terrible the food.,negative,negative_aug
terrible the food.,negative,negative_aug
terrible the food.,negative,negative_aug
terrible the food.,negative,negative_aug
terrible the food.,negative,negative_aug
terrible the food.,negative,negative_aug
terrible the food.,negative,negative_aug
terrible cleanliness.,negative,negative_aug
terrible cleanliness.,negative,negative_aug
terrible cleanliness.,negative,negative_aug
terrible cleanliness.,negative,negative_aug
terrible cleanliness.,negative,negative_aug
terrible cleanliness.,negative,negative_aug
terrible cleanliness.,negative,negative_aug
terrible cleanliness.,negative,negative_aug
terrible value for money.,negative,negative_aug
terrible value for money.,negative,negative_aug
terrible value for money.,negative,negative_aug
terrible value for money.,negative,negative_aug
terrible value for money.,negative,negative_aug
terrible value for money.,negative,negative_aug
terrible value for money.,negative,negative_aug
terrible value for money.,negative,negative_aug
disappointing service.,negative,negative_aug
disappointing service.,negative,negative_aug
disappointing service.,negative,negative_aug
disappointing service.,negative,negative_aug
disappointing service.,negative,negative_aug
disappointing service.,negative,negative_aug
disappointing service.,negative,negative_aug
disappointing service.,negative,negative_aug
disappointing staff service.,negative,negative_aug
disappointing staff service.,negative,negative_aug
disappointing staff service.,negative,negative_aug
disappointing staff service.,negative,negative_aug
disappointing staff service.,negative,negative_aug
disappointing staff service.,negative,negative_aug
disappointing staff service.,negative,negative_aug
disappointing staff service.,negative,negative_aug
disappointing room service.,negative,negative_aug
disappointing room service.,negative,negative_aug
disappointing room service.,negative,negative_aug
disappointing room service.,negative,negative_aug
disappointing room service.,negative,negative_aug
disappointing room service.,negative,negative_aug
disappointing room service.,negative,negative_aug
disappointing room service.,negative,negative_aug
disappointing hotel service.,negative,negative_aug
disappointing hotel service.,negative,negative_aug
disappointing hotel service.,negative,negative_aug
disappointing hotel service.,negative,negative_aug
disappointing hotel service.,negative,negative_aug
disappointing hotel service.,negative,negative_aug
disappointing hotel service.,negative,negative_aug
disappointing hotel service.,negative,negative_aug
disappointing customer service.,negative,negative_aug
disappointing customer service.,negative,negative_aug
disappointing customer service.,negative,negative_aug
disappointing customer service.,negative,negative_aug
disappointing customer service.,negative,negative_aug
disappointing customer service.,negative,negative_aug
disappointing customer service.,negative,negative_aug
disappointing customer service.,negative,negative_aug
disappointing the service.,negative,negative_aug
disappointing the service.,negative,negative_aug
disappointing the service.,negative,negative_aug
disappointing the service.,negative,negative_aug
disappointing the service.,negative,negative_aug
disappointing the service.,negative,negative_aug
disappointing the service.,negative,negative_aug
disappointing the service.,negative,negative_aug
disappointing staff.,negative,negative_aug
disappointing staff.,negative,negative_aug
disappointing staff.,negative,negative_aug
disappointing staff.,negative,negative_aug
disappointing staff.,negative,negative_aug
disappointing staff.,negative,negative_aug
disappointing staff.,negative,negative_aug
disappointing staff.,negative,negative_aug
disappointing the staff.,negative,negative_aug
disappointing the staff.,negative,negative_aug
disappointing the staff.,negative,negative_aug
disappointing the staff.,negative,negative_aug
disappointing the staff.,negative,negative_aug
disappointing the staff.,negative,negative_aug
disappointing the staff.,negative,negative_aug
disappointing the staff.,negative,negative_aug
disappointing room.,negative,negative_aug
disappointing room.,negative,negative_aug
disappointing room.,negative,negative_aug
disappointing room.,negative,negative_aug
disappointing room.,negative,negative_aug
disappointing room.,negative,negative_aug
disappointing room.,negative,negative_aug
disappointing room.,negative,negative_aug
disappointing the room.,negative,negative_aug
disappointing the room.,negative,negative_aug
disappointing the room.,negative,negative_aug
disappointing the room.,negative,negative_aug
disappointing the room.,negative,negative_aug
disappointing the room.,negative,negative_aug
disappointing the room.,negative,negative_aug
disappointing the room.,negative,negative_aug
disappointing wifi.,negative,negative_aug
disappointing wifi.,negative,negative_aug
disappointing wifi.,negative,negative_aug
disappointing wifi.,negative,negative_aug
disappointing wifi.,negative,negative_aug
disappointing wifi.,negative,negative_aug
disappointing wifi.,negative,negative_aug
disappointing wifi.,negative,negative_aug
disappointing the wifi.,negative,negative_aug
disappointing the wifi.,negative,negative_aug
disappointing the wifi.,negative,negative_aug
disappointing the wifi.,negative,negative_aug
disappointing the wifi.,negative,negative_aug
disappointing the wifi.,negative,negative_aug
disappointing the wifi.,negative,negative_aug
disappointing the wifi.,negative,negative_aug
disappointing breakfast.,negative,negative_aug
disappointing breakfast.,negative,negative_aug
disappointing breakfast.,negative,negative_aug
disappointing breakfast.,negative,negative_aug
disappointing breakfast.,negative,negative_aug
disappointing breakfast.,negative,negative_aug
disappointing breakfast.,negative,negative_aug
disappointing breakfast.,negative,negative_aug
disappointing the breakfast.,negative,negative_aug
disappointing the breakfast.,negative,negative_aug
disappointing the breakfast.,negative,negative_aug
disappointing the breakfast.,negative,negative_aug
disappointing the breakfast.,negative,negative_aug
disappointing the breakfast.,negative,negative_aug
disappointing the breakfast.,negative,negative_aug
disappointing the breakfast.,negative,negative_aug
disappointing location.,negative,negative_aug
disappointing location.,negative,negative_aug
disappointing location.,negative,negative_aug
disappointing location.,negative,negative_aug
disappointing location.,negative,negative_aug
disappointing location.,negative,negative_aug
disappointing location.,negative,negative_aug
disappointing location.,negative,negative_aug
disappointing the location.,negative,negative_aug
disappointing the location.,negative,negative_aug
disappointing the location.,negative,negative_aug
disappointing the location.,negative,negative_aug
disappointing the location.,negative,negative_aug
disappointing the location.,negative,negative_aug
disappointing the location.,negative,negative_aug
disappointing the location.,negative,negative_aug
disappointing facilities.,negative,negative_aug
disappointing facilities.,negative,negative_aug
disappointing facilities.,negative,negative_aug
disappointing facilities.,negative,negative_aug
disappointing facilities.,negative,negative_aug
disappointing facilities.,negative,negative_aug
disappointing facilities.,negative,negative_aug
disappointing facilities.,negative,negative_aug
disappointing the facilities.,negative,negative_aug
disappointing the facilities.,negative,negative_aug
disappointing the facilities.,negative,negative_aug
disappointing the facilities.,negative,negative_aug
disappointing the facilities.,negative,negative_aug
disappointing the facilities.,negative,negative_aug
disappointing the facilities.,negative,negative_aug
disappointing the facilities.,negative,negative_aug
disappointing stay.,negative,negative_aug
disappointing stay.,negative,negative_aug
disappointing stay.,negative,negative_aug
disappointing stay.,negative,negative_aug
disappointing stay.,negative,negative_aug
disappointing stay.,negative,negative_aug
disappointing stay.,negative,negative_aug
disappointing stay.,negative,negative_aug
disappointing the stay.,negative,negative_aug
disappointing the stay.,negative,negative_aug
disappointing the stay.,negative,negative_aug
disappointing the stay.,negative,negative_aug
disappointing the stay.,negative,negative_aug
disappointing the stay.,negative,negative_aug
disappointing the stay.,negative,negative_aug
disappointing the stay.,negative,negative_aug
disappointing experience.,negative,negative_aug
disappointing experience.,negative,negative_aug
disappointing experience.,negative,negative_aug
disappointing experience.,negative,negative_aug
disappointing experience.,negative,negative_aug
disappointing experience.,negative,negative_aug
disappointing experience.,negative,negative_aug
disappointing experience.,negative,negative_aug
disappointing the experience.,negative,negative_aug
disappointing the experience.,negative,negative_aug
disappointing the experience.,negative,negative_aug
disappointing the experience.,negative,negative_aug
disappointing the experience.,negative,negative_aug
disappointing the experience.,negative,negative_aug
disappointing the experience.,negative,negative_aug
disappointing the experience.,negative,negative_aug
disappointing accommodation.,negative,negative_aug
disappointing accommodation.,negative,negative_aug
disappointing accommodation.,negative,negative_aug
disappointing accommodation.,negative,negative_aug
disappointing accommodation.,negative,negative_aug
disappointing accommodation.,negative,negative_aug
disappointing accommodation.,negative,negative_aug
disappointing accommodation.,negative,negative_aug
disappointing food.,negative,negative_aug
disappointing food.,negative,negative_aug
disappointing food.,negative,negative_aug
disappointing food.,negative,negative_aug
disappointing food.,negative,negative_aug
disappointing food.,negative,negative_aug
disappointing food.,negative,negative_aug
disappointing food.,negative,negative_aug
disappointing the food.,negative,negative_aug
disappointing the food.,negative,negative_aug
disappointing the food.,negative,negative_aug
disappointing the food.,negative,negative_aug
disappointing the food.,negative,negative_aug
disappointing the food.,negative,negative_aug
disappointing the food.,negative,negative_aug
disappointing the food.,negative,negative_aug
disappointing cleanliness.,negative,negative_aug
disappointing cleanliness.,negative,negative_aug
disappointing cleanliness.,negative,negative_aug
disappointing cleanliness.,negative,negative_aug
disappointing cleanliness.,negative,negative_aug
disappointing cleanliness.,negative,negative_aug
disappointing cleanliness.,negative,negative_aug
disappointing cleanliness.,negative,negative_aug
disappointing value for money.,negative,negative_aug
disappointing value for money.,negative,negative_aug
disappointing value for money.,negative,negative_aug
disappointing value for money.,negative,negative_aug
disappointing value for money.,negative,negative_aug
disappointing value for money.,negative,negative_aug
disappointing value for money.,negative,negative_aug
disappointing value for money.,negative,negative_aug
the worst service ever.,negative,negative_aug
the worst service ever.,negative,negative_aug
the worst service ever.,negative,negative_aug
the worst service ever.,negative,negative_aug
the worst service ever.,negative,negative_aug
the worst service ever.,negative,negative_aug
the worst service ever.,negative,negative_aug
the worst service ever.,negative,negative_aug
the worst staff service ever.,negative,negative_aug
the worst staff service ever.,negative,negative_aug
the worst staff service ever.,negative,negative_aug
the worst staff service ever.,negative,negative_aug
the worst staff service ever.,negative,negative_aug
the worst staff service ever.,negative,negative_aug
the worst staff service ever.,negative,negative_aug
the worst staff service ever.,negative,negative_aug
the worst room service ever.,negative,negative_aug
the worst room service ever.,negative,negative_aug
the worst room service ever.,negative,negative_aug
the worst room service ever.,negative,negative_aug
the worst room service ever.,negative,negative_aug
the worst room service ever.,negative,negative_aug
the worst room service ever.,negative,negative_aug
the worst room service ever.,negative,negative_aug
the worst hotel service ever.,negative,negative_aug
the worst hotel service ever.,negative,negative_aug
the worst hotel service ever.,negative,negative_aug
the worst hotel service ever.,negative,negative_aug
the worst hotel service ever.,negative,negative_aug
the worst hotel service ever.,negative,negative_aug
the worst hotel service ever.,negative,negative_aug
the worst hotel service ever.,negative,negative_aug
the worst customer service ever.,negative,negative_aug
the worst customer service ever.,negative,negative_aug
the worst customer service ever.,negative,negative_aug
the worst customer service ever.,negative,negative_aug
the worst customer service ever.,negative,negative_aug
the worst customer service ever.,negative,negative_aug
the worst customer service ever.,negative,negative_aug
the worst customer service ever.,negative,negative_aug
the worst the service ever.,negative,negative_aug
the worst the service ever.,negative,negative_aug
the worst the service ever.,negative,negative_aug
the worst the service ever.,negative,negative_aug
the worst the service ever.,negative,negative_aug
the worst the service ever.,negative,negative_aug
the worst the service ever.,negative,negative_aug
the worst the service ever.,negative,negative_aug
the worst staff ever.,negative,negative_aug
the worst staff ever.,negative,negative_aug
the worst staff ever.,negative,negative_aug
the worst staff ever.,negative,negative_aug
the worst staff ever.,negative,negative_aug
the worst staff ever.,negative,negative_aug
the worst staff ever.,negative,negative_aug
the worst staff ever.,negative,negative_aug
the worst the staff ever.,negative,negative_aug
the worst the staff ever.,negative,negative_aug
the worst the staff ever.,negative,negative_aug
the worst the staff ever.,negative,negative_aug
the worst the staff ever.,negative,negative_aug
the worst the staff ever.,negative,negative_aug
the worst the staff ever.,negative,negative_aug
the worst the staff ever.,negative,negative_aug
the worst room ever.,negative,negative_aug
the worst room ever.,negative,negative_aug
the worst room ever.,negative,negative_aug
the worst room ever.,negative,negative_aug
the worst room ever.,negative,negative_aug
the worst room ever.,negative,negative_aug
the worst room ever.,negative,negative_aug
the worst room ever.,negative,negative_aug
the worst the room ever.,negative,negative_aug
the worst the room ever.,negative,negative_aug
the worst the room ever.,negative,negative_aug
the worst the room ever.,negative,negative_aug
the worst the room ever.,negative,negative_aug
the worst the room ever.,negative,negative_aug
the worst the room ever.,negative,negative_aug
the worst the room ever.,negative,negative_aug
the worst wifi ever.,negative,negative_aug
the worst wifi ever.,negative,negative_aug
the worst wifi ever.,negative,negative_aug
the worst wifi ever.,negative,negative_aug
the worst wifi ever.,negative,negative_aug
the worst wifi ever.,negative,negative_aug
the worst wifi ever.,negative,negative_aug
the worst wifi ever.,negative,negative_aug
the worst the wifi ever.,negative,negative_aug
the worst the wifi ever.,negative,negative_aug
the worst the wifi ever.,negative,negative_aug
the worst the wifi ever.,negative,negative_aug
the worst the wifi ever.,negative,negative_aug
the worst the wifi ever.,negative,negative_aug
the worst the wifi ever.,negative,negative_aug
the worst the wifi ever.,negative,negative_aug
the worst breakfast ever.,negative,negative_aug
the worst breakfast ever.,negative,negative_aug
the worst breakfast ever.,negative,negative_aug
the worst breakfast ever.,negative,negative_aug
the worst breakfast ever.,negative,negative_aug
the worst breakfast ever.,negative,negative_aug
the worst breakfast ever.,negative,negative_aug
the worst breakfast ever.,negative,negative_aug
the worst the breakfast ever.,negative,negative_aug
the worst the breakfast ever.,negative,negative_aug
the worst the breakfast ever.,negative,negative_aug
the worst the breakfast ever.,negative,negative_aug
the worst the breakfast ever.,negative,negative_aug
the worst the breakfast ever.,negative,negative_aug
the worst the breakfast ever.,negative,negative_aug
the worst the breakfast ever.,negative,negative_aug
the worst location ever.,negative,negative_aug
the worst location ever.,negative,negative_aug
the worst location ever.,negative,negative_aug
the worst location ever.,negative,negative_aug
the worst location ever.,negative,negative_aug
the worst location ever.,negative,negative_aug
the worst location ever.,negative,negative_aug
the worst location ever.,negative,negative_aug
the worst the location ever.,negative,negative_aug
the worst the location ever.,negative,negative_aug
the worst the location ever.,negative,negative_aug
the worst the location ever.,negative,negative_aug
the worst the location ever.,negative,negative_aug
the worst the location ever.,negative,negative_aug
the worst the location ever.,negative,negative_aug
the worst the location ever.,negative,negative_aug
the worst facilities ever.,negative,negative_aug
the worst facilities ever.,negative,negative_aug
the worst facilities ever.,negative,negative_aug
the worst facilities ever.,negative,negative_aug
the worst facilities ever.,negative,negative_aug
the worst facilities ever.,negative,negative_aug
the worst facilities ever.,negative,negative_aug
the worst facilities ever.,negative,negative_aug
the worst the facilities ever.,negative,negative_aug
the worst the facilities ever.,negative,negative_aug
the worst the facilities ever.,negative,negative_aug
the worst the facilities ever.,negative,negative_aug
the worst the facilities ever.,negative,negative_aug
the worst the facilities ever.,negative,negative_aug
the worst the facilities ever.,negative,negative_aug
the worst the facilities ever.,negative,negative_aug
the worst stay ever.,negative,negative_aug
the worst stay ever.,negative,negative_aug
the worst stay ever.,negative,negative_aug
the worst stay ever.,negative,negative_aug
the worst stay ever.,negative,negative_aug
the worst stay ever.,negative,negative_aug
the worst stay ever.,negative,negative_aug
the worst stay ever.,negative,negative_aug
the worst the stay ever.,negative,negative_aug
the worst the stay ever.,negative,negative_aug
the worst the stay ever.,negative,negative_aug
the worst the stay ever.,negative,negative_aug
the worst the stay ever.,negative,negative_aug
the worst the stay ever.,negative,negative_aug
the worst the stay ever.,negative,negative_aug
the worst the stay ever.,negative,negative_aug
the worst experience ever.,negative,negative_aug
the worst experience ever.,negative,negative_aug
the worst experience ever.,negative,negative_aug
the worst experience ever.,negative,negative_aug
the worst experience ever.,negative,negative_aug
the worst experience ever.,negative,negative_aug
the worst experience ever.,negative,negative_aug
the worst experience ever.,negative,negative_aug
the worst the experience ever.,negative,negative_aug
the worst the experience ever.,negative,negative_aug
the worst the experience ever.,negative,negative_aug
the worst the experience ever.,negative,negative_aug
the worst the experience ever.,negative,negative_aug
the worst the experience ever.,negative,negative_aug
the worst the experience ever.,negative,negative_aug
the worst the experience ever.,negative,negative_aug
the worst accommodation ever.,negative,negative_aug
the worst accommodation ever.,negative,negative_aug
the worst accommodation ever.,negative,negative_aug
the worst accommodation ever.,negative,negative_aug
the worst accommodation ever.,negative,negative_aug
the worst accommodation ever.,negative,negative_aug
the worst accommodation ever.,negative,negative_aug
the worst accommodation ever.,negative,negative_aug
the worst food ever.,negative,negative_aug
the worst food ever.,negative,negative_aug
the worst food ever.,negative,negative_aug
the worst food ever.,negative,negative_aug
the worst food ever.,negative,negative_aug
the worst food ever.,negative,negative_aug
the worst food ever.,negative,negative_aug
the worst food ever.,negative,negative_aug
the worst the food ever.,negative,negative_aug
the worst the food ever.,negative,negative_aug
the worst the food ever.,negative,negative_aug
the worst the food ever.,negative,negative_aug
the worst the food ever.,negative,negative_aug
the worst the food ever.,negative,negative_aug
the worst the food ever.,negative,negative_aug
the worst the food ever.,negative,negative_aug
the worst cleanliness ever.,negative,negative_aug
the worst cleanliness ever.,negative,negative_aug
the worst cleanliness ever.,negative,negative_aug
the worst cleanliness ever.,negative,negative_aug
the worst cleanliness ever.,negative,negative_aug
the worst cleanliness ever.,negative,negative_aug
the worst cleanliness ever.,negative,negative_aug
the worst cleanliness ever.,negative,negative_aug
the worst value for money ever.,negative,negative_aug
the worst value for money ever.,negative,negative_aug
the worst value for money ever.,negative,negative_aug
the worst value for money ever.,negative,negative_aug
the worst value for money ever.,negative,negative_aug
the worst value for money ever.,negative,negative_aug
the worst value for money ever.,negative,negative_aug
the worst value for money ever.,negative,negative_aug
would not recommend because of service.,negative,negative_aug
would not recommend because of service.,negative,negative_aug
would not recommend because of service.,negative,negative_aug
would not recommend because of service.,negative,negative_aug
would not recommend because of service.,negative,negative_aug
would not recommend because of service.,negative,negative_aug
would not recommend because of service.,negative,negative_aug
would not recommend because of service.,negative,negative_aug
would not recommend because of staff service.,negative,negative_aug
would not recommend because of staff service.,negative,negative_aug
would not recommend because of staff service.,negative,negative_aug
would not recommend because of staff service.,negative,negative_aug
would not recommend because of staff service.,negative,negative_aug
would not recommend because of staff service.,negative,negative_aug
would not recommend because of staff service.,negative,negative_aug
would not recommend because of staff service.,negative,negative_aug
would not recommend because of room service.,negative,negative_aug
would not recommend because of room service.,negative,negative_aug
would not recommend because of room service.,negative,negative_aug
would not recommend because of room service.,negative,negative_aug
would not recommend because of room service.,negative,negative_aug
would not recommend because of room service.,negative,negative_aug
would not recommend because of room service.,negative,negative_aug
would not recommend because of room service.,negative,negative_aug
would not recommend because of hotel service.,negative,negative_aug
would not recommend because of hotel service.,negative,negative_aug
would not recommend because of hotel service.,negative,negative_aug
would not recommend because of hotel service.,negative,negative_aug
would not recommend because of hotel service.,negative,negative_aug
would not recommend because of hotel service.,negative,negative_aug
would not recommend because of hotel service.,negative,negative_aug
would not recommend because of hotel service.,negative,negative_aug
would not recommend because of customer service.,negative,negative_aug
would not recommend because of customer service.,negative,negative_aug
would not recommend because of customer service.,negative,negative_aug
would not recommend because of customer service.,negative,negative_aug
would not recommend because of customer service.,negative,negative_aug
would not recommend because of customer service.,negative,negative_aug
would not recommend because of customer service.,negative,negative_aug
would not recommend because of customer service.,negative,negative_aug
would not recommend because of the service.,negative,negative_aug
would not recommend because of the service.,negative,negative_aug
would not recommend because of the service.,negative,negative_aug
would not recommend because of the service.,negative,negative_aug
would not recommend because of the service.,negative,negative_aug
would not recommend because of the service.,negative,negative_aug
would not recommend because of the service.,negative,negative_aug
would not recommend because of the service.,negative,negative_aug
would not recommend because of staff.,negative,negative_aug
would not recommend because of staff.,negative,negative_aug
would not recommend because of staff.,negative,negative_aug
would not recommend because of staff.,negative,negative_aug
would not recommend because of staff.,negative,negative_aug
would not recommend because of staff.,negative,negative_aug
would not recommend because of staff.,negative,negative_aug
would not recommend because of staff.,negative,negative_aug
would not recommend because of the staff.,negative,negative_aug
would not recommend because of the staff.,negative,negative_aug
would not recommend because of the staff.,negative,negative_aug
would not recommend because of the staff.,negative,negative_aug
would not recommend because of the staff.,negative,negative_aug
would not recommend because of the staff.,negative,negative_aug
would not recommend because of the staff.,negative,negative_aug
would not recommend because of the staff.,negative,negative_aug
would not recommend because of room.,negative,negative_aug
would not recommend because of room.,negative,negative_aug
would not recommend because of room.,negative,negative_aug
would not recommend because of room.,negative,negative_aug
would not recommend because of room.,negative,negative_aug
would not recommend because of room.,negative,negative_aug
would not recommend because of room.,negative,negative_aug
would not recommend because of room.,negative,negative_aug
would not recommend because of the room.,negative,negative_aug
would not recommend because of the room.,negative,negative_aug
would not recommend because of the room.,negative,negative_aug
would not recommend because of the room.,negative,negative_aug
would not recommend because of the room.,negative,negative_aug
would not recommend because of the room.,negative,negative_aug
would not recommend because of the room.,negative,negative_aug
would not recommend because of the room.,negative,negative_aug
would not recommend because of wifi.,negative,negative_aug
would not recommend because of wifi.,negative,negative_aug
would not recommend because of wifi.,negative,negative_aug
would not recommend because of wifi.,negative,negative_aug
would not recommend because of wifi.,negative,negative_aug
would not recommend because of wifi.,negative,negative_aug
would not recommend because of wifi.,negative,negative_aug
would not recommend because of wifi.,negative,negative_aug
would not recommend because of the wifi.,negative,negative_aug
would not recommend because of the wifi.,negative,negative_aug
would not recommend because of the wifi.,negative,negative_aug
would not recommend because of the wifi.,negative,negative_aug
would not recommend because of the wifi.,negative,negative_aug
would not recommend because of the wifi.,negative,negative_aug
would not recommend because of the wifi.,negative,negative_aug
would not recommend because of the wifi.,negative,negative_aug
would not recommend because of breakfast.,negative,negative_aug
would not recommend because of breakfast.,negative,negative_aug
would not recommend because of breakfast.,negative,negative_aug
would not recommend because of breakfast.,negative,negative_aug
would not recommend because of breakfast.,negative,negative_aug
would not recommend because of breakfast.,negative,negative_aug
would not recommend because of breakfast.,negative,negative_aug
would not recommend because of breakfast.,negative,negative_aug
would not recommend because of the breakfast.,negative,negative_aug
would not recommend because of the breakfast.,negative,negative_aug
would not recommend because of the breakfast.,negative,negative_aug
would not recommend because of the breakfast.,negative,negative_aug
would not recommend because of the breakfast.,negative,negative_aug
would not recommend because of the breakfast.,negative,negative_aug
would not recommend because of the breakfast.,negative,negative_aug
would not recommend because of the breakfast.,negative,negative_aug
would not recommend because of location.,negative,negative_aug
would not recommend because of location.,negative,negative_aug
would not recommend because of location.,negative,negative_aug
would not recommend because of location.,negative,negative_aug
would not recommend because of location.,negative,negative_aug
would not recommend because of location.,negative,negative_aug
would not recommend because of location.,negative,negative_aug
would not recommend because of location.,negative,negative_aug
would not recommend because of the location.,negative,negative_aug
would not recommend because of the location.,negative,negative_aug
would not recommend because of the location.,negative,negative_aug
would not recommend because of the location.,negative,negative_aug
would not recommend because of the location.,negative,negative_aug
would not recommend because of the location.,negative,negative_aug
would not recommend because of the location.,negative,negative_aug
would not recommend because of the location.,negative,negative_aug
would not recommend because of facilities.,negative,negative_aug
would not recommend because of facilities.,negative,negative_aug
would not recommend because of facilities.,negative,negative_aug
would not recommend because of facilities.,negative,negative_aug
would not recommend because of facilities.,negative,negative_aug
would not recommend because of facilities.,negative,negative_aug
would not recommend because of facilities.,negative,negative_aug
would not recommend because of facilities.,negative,negative_aug
would not recommend because of the facilities.,negative,negative_aug
would not recommend because of the facilities.,negative,negative_aug
would not recommend because of the facilities.,negative,negative_aug
would not recommend because of the facilities.,negative,negative_aug
would not recommend because of the facilities.,negative,negative_aug
would not recommend because of the facilities.,negative,negative_aug
would not recommend because of the facilities.,negative,negative_aug
would not recommend because of the facilities.,negative,negative_aug
would not recommend because of stay.,negative,negative_aug
would not recommend because of stay.,negative,negative_aug
would not recommend because of stay.,negative,negative_aug
would not recommend because of stay.,negative,negative_aug
would not recommend because of stay.,negative,negative_aug
would not recommend because of stay.,negative,negative_aug
would not recommend because of stay.,negative,negative_aug
would not recommend because of stay.,negative,negative_aug
would not recommend because of the stay.,negative,negative_aug
would not recommend because of the stay.,negative,negative_aug
would not recommend because of the stay.,negative,negative_aug
would not recommend because of the stay.,negative,negative_aug
would not recommend because of the stay.,negative,negative_aug
would not recommend because of the stay.,negative,negative_aug
would not recommend because of the stay.,negative,negative_aug
would not recommend because of the stay.,negative,negative_aug
would not recommend because of experience.,negative,negative_aug
would not recommend because of experience.,negative,negative_aug
would not recommend because of experience.,negative,negative_aug
would not recommend because of experience.,negative,negative_aug
would not recommend because of experience.,negative,negative_aug
would not recommend because of experience.,negative,negative_aug
would not recommend because of experience.,negative,negative_aug
would not recommend because of experience.,negative,negative_aug
would not recommend because of the experience.,negative,negative_aug
would not recommend because of the experience.,negative,negative_aug
would not recommend because of the experience.,negative,negative_aug
would not recommend because of the experience.,negative,negative_aug
would not recommend because of the experience.,negative,negative_aug
would not recommend because of the experience.,negative,negative_aug
would not recommend because of the experience.,negative,negative_aug
would not recommend because of the experience.,negative,negative_aug
would not recommend because of accommodation.,negative,negative_aug
would not recommend because of accommodation.,negative,negative_aug
would not recommend because of accommodation.,negative,negative_aug
would not recommend because of accommodation.,negative,negative_aug
would not recommend because of accommodation.,negative,negative_aug
would not recommend because of accommodation.,negative,negative_aug
would not recommend because of accommodation.,negative,negative_aug
would not recommend because of accommodation.,negative,negative_aug
would not recommend because of food.,negative,negative_aug
would not recommend because of food.,negative,negative_aug
would not recommend because of food.,negative,negative_aug
would not recommend because of food.,negative,negative_aug
would not recommend because of food.,negative,negative_aug
would not recommend because of food.,negative,negative_aug
would not recommend because of food.,negative,negative_aug
would not recommend because of food.,negative,negative_aug
would not recommend because of the food.,negative,negative_aug
would not recommend because of the food.,negative,negative_aug
would not recommend because of the food.,negative,negative_aug
would not recommend because of the food.,negative,negative_aug
would not recommend because of the food.,negative,negative_aug
would not recommend because of the food.,negative,negative_aug
would not recommend because of the food.,negative,negative_aug
would not recommend because of the food.,negative,negative_aug
would not recommend because of cleanliness.,negative,negative_aug
would not recommend because of cleanliness.,negative,negative_aug
would not recommend because of cleanliness.,negative,negative_aug
would not recommend because of cleanliness.,negative,negative_aug
would not recommend because of cleanliness.,negative,negative_aug
would not recommend because of cleanliness.,negative,negative_aug
would not recommend because of cleanliness.,negative,negative_aug
would not recommend because of cleanliness.,negative,negative_aug
would not recommend because of value for money.,negative,negative_aug
would not recommend because of value for money.,negative,negative_aug
would not recommend because of value for money.,negative,negative_aug
would not recommend because of value for money.,negative,negative_aug
would not recommend because of value for money.,negative,negative_aug
would not recommend because of value for money.,negative,negative_aug
would not recommend because of value for money.,negative,negative_aug
would not recommend because of value for money.,negative,negative_aug
the service is average.,neutral,neutral_aug
the staff service is average.,neutral,neutral_aug
the room service is average.,neutral,neutral_aug
the hotel service is average.,neutral,neutral_aug
the customer service is average.,neutral,neutral_aug
the the service is average.,neutral,neutral_aug
the staff is average.,neutral,neutral_aug
the the staff is average.,neutral,neutral_aug
the hotel is near the service.,neutral,neutral_aug
the hotel is near the staff service.,neutral,neutral_aug
the hotel is near the room service.,neutral,neutral_aug
the hotel is near the hotel service.,neutral,neutral_aug
the hotel is near the customer service.,neutral,neutral_aug
the hotel is near the the service.,neutral,neutral_aug
the hotel is near the staff.,neutral,neutral_aug
the hotel is near the the staff.,neutral,neutral_aug
we stayed for two nights.,neutral,neutral_aug
we stayed for two nights.,neutral,neutral_aug
we stayed for two nights.,neutral,neutral_aug
we stayed for two nights.,neutral,neutral_aug
we stayed for two nights.,neutral,neutral_aug
we stayed for two nights.,neutral,neutral_aug
we stayed for two nights.,neutral,neutral_aug
we stayed for two nights.,neutral,neutral_aug
the service was acceptable.,neutral,neutral_aug
the staff service was acceptable.,neutral,neutral_aug
the room service was acceptable.,neutral,neutral_aug
the hotel service was acceptable.,neutral,neutral_aug
the customer service was acceptable.,neutral,neutral_aug
the the service was acceptable.,neutral,neutral_aug
the staff was acceptable.,neutral,neutral_aug
the the staff was acceptable.,neutral,neutral_aug
standard service for this price range.,neutral,neutral_aug
standard staff service for this price range.,neutral,neutral_aug
standard room service for this price range.,neutral,neutral_aug
standard hotel service for this price range.,neutral,neutral_aug
standard customer service for this price range.,neutral,neutral_aug
standard the service for this price range.,neutral,neutral_aug
standard staff for this price range.,neutral,neutral_aug
standard the staff for this price range.,neutral,neutral_aug
nothing special about the service.,neutral,neutral_aug
nothing special about the staff service.,neutral,neutral_aug
nothing special about the room service.,neutral,neutral_aug
nothing special about the hotel service.,neutral,neutral_aug
nothing special about the customer service.,neutral,neutral_aug
nothing special about the the service.,neutral,neutral_aug
nothing special about the staff.,neutral,neutral_aug
nothing special about the the staff.,neutral,neutral_aug
it's not too much good service.,negative,manual_hard_cases
its not too much good service,negative,manual_hard_cases
not too much good service,negative,manual_hard_cases
service is not too much good,negative,manual_hard_cases
service not good,negative,manual_hard_cases
not good service at all,negative,manual_hard_cases
staff not friendly,negative,manual_hard_cases
room not clean,negative,manual_hard_cases
wifi not working properly,negative,manual_hard_cases
not worth the price,negative,manual_hard_cases
would not stay again,negative,manual_hard_cases
do not recommend this hotel,negative,manual_hard_cases
not happy with the service,negative,manual_hard_cases
not satisfied with the stay,negative,manual_hard_cases
not a good hotel,negative,manual_hard_cases
not a pleasant experience,negative,manual_hard_cases
service was ok but not great,mixed,manual_hard_cases
room was clean but wifi was not good,mixed,manual_hard_cases
